type,keyword,title,content,source,author,score,url,published_at_utc,fetched_at_utc
social,Micron OR 美光,"What actually happens during a ""300-Point Inspection""?","Most used car platforms throw around numbers like 200-point or 300-point inspection, but they rarely explain what that actually means. At Cars24, our 300-point process takes over 10 hours per vehicle. Here’s a look at the tools and red flags we look for: * **The Micron Test:** We use paint thickness gauges. Factory paint is 100–150 microns. If we see 400+ microns, we know there’s heavy body filler underneath even if the car looks ""mint"". * **OBD-II & Live Data:** We don't just check for dashboard lights. We pull live data on fuel trims and oxygen sensors to find issues that haven’t triggered a warning light yet. * **The 20% Odometer Scam:** Odometer tampering is more common than you think - we estimate it affects 20% of pre-owned cars. This isn't just about a number; it means you're much closer to major, expensive service milestones (like a clutch overhaul) than the seller is admitting. This can lead to unexpected bills ranging from ₹5,000 to ₹30,000+ shortly after purchase. * **Engine",reddit/r/CARS24India,CapQuality_Cars24,1,https://www.reddit.com/r/CARS24India/comments/1sdsxqb/what_actually_happens_during_a_300point_inspection/,2026-04-06T08:21:59+00:00,2026-04-06T08:41:19.780184+00:00
social,Micron OR 美光,Vorbörslich grüne Welle. Japaner waren fleißig shoppen.,Ich bin auf 15:30Uhr gespannt und schau dann 18:00Uhr wieder rein. 🤔,reddit/r/wallstreetbetsGER,TPanne08,1,https://www.reddit.com/r/wallstreetbetsGER/comments/1sdsv0g/vorbörslich_grüne_welle_japaner_waren_fleißig/,2026-04-06T08:17:23+00:00,2026-04-06T08:41:19.780208+00:00
social,Micron OR 美光,"Official Raspberrypi NVME SSD 512GB, 0% used, Newlike, (swipe for SMART logs) at 5500/- + Ship","Less than 2TB written, 300 TWB rated, Newlike condition, barely used. PS: This is a 2230 size Gen3 SSD based on Micron flash. It can be used with any Mini PC, SSD enclosures, etc., at standard Gen3 speeds, not just with Raspberry Pi. [https://www.raspberrypi.com/products/ssd/](https://www.raspberrypi.com/products/ssd/) [https://www.tomshardware.com/raspberry-pi/raspberry-pi-ssd-review](https://www.tomshardware.com/raspberry-pi/raspberry-pi-ssd-review)",reddit/r/HardwareIndia,NoCrazy4743,0,https://www.reddit.com/r/HardwareIndia/comments/1sds0wn/official_raspberrypi_nvme_ssd_512gb_0_used/,2026-04-06T07:25:51+00:00,2026-04-06T08:41:19.780226+00:00
social,Micron OR 美光,Look what I found on the wiki,https://preview.redd.it/4yercewioitg1.png?width=2833&format=png&auto=webp&s=c6c45cfddc78192b85ce92497620d7d23cbdcf7e The wee wee bush,reddit/r/JackSucksAtLife,Safe-Cry-6733,2,https://www.reddit.com/r/JackSucksAtLife/comments/1sdrfgo/look_what_i_found_on_the_wiki/,2026-04-06T06:50:19+00:00,2026-04-06T08:41:19.780237+00:00
social,Micron OR 美光,Cartridge Filters Explained: Which Micron Rating Should You Actually Use?,,reddit/r/WaterTreatment,BestHousing5363,1,https://www.reddit.com/r/WaterTreatment/comments/1sdr55b/cartridge_filters_explained_which_micron_rating/,2026-04-06T06:33:28+00:00,2026-04-06T08:41:19.780248+00:00
social,Micron OR 美光,[FS][US-NV] 25x Intel D3-S4510 3.84TB & Micron 1100 1TB,"Three tiers of SATA SSD available - Timestamp and all SMART results available [here](https://imgur.com/a/p3hWJao). Please note that due to difficulty of tracking serial numbers of each drive, I can't guarantee that I will ship any particular drive you pick serial number of from screenshots. It will be completely random from that tier of drives. I will utilize Paypal via Invoice per subreddit rules, except in person meet if you're in Las Vegas area. USPS first class shipping with signature confirmation and insurance is included in the prices. If you would like to ship with a different carrier and service, let me know and we can make arrangements. Intel D3-S4510 3.84TB * 25 Available, 99-100% health with very low writes (1% of rated endurance) - $575 each, $550 each for lots of more than 8 drives. Micron 1100 1TB: * 84-98% health - 3 Available, $75 each including shipping * 48-84% health - 11 Available, $50 each including shipping",reddit/r/homelabsales,Puzzleheaded-Radio27,2,https://www.reddit.com/r/homelabsales/comments/1sdquzk/fsusnv_25x_intel_d3s4510_384tb_micron_1100_1tb/,2026-04-06T06:16:51+00:00,2026-04-06T08:41:19.780272+00:00
social,Micron OR 美光,Why I’m officially done with Micron/Crucial (and why you should be too),"Is anyone else tired of being treated like a second-class citizen by RAM manufacturers? Micron (the parent company of Crucial) has made it crystal clear: they don't care about the average PC builder anymore. They are gutting their consumer production lines to pivot almost entirely toward HBM (High Bandwidth Memory) for AI data centers because that’s where the ""easy money"" is. We supported these brands for decades, and the moment a shinier, more corporate toy (AI) came along, they basically stopped caring if we can get affordable DDR4 or DDR5. I'm officially boycotting any new Crucial products. If they want to be an ""AI-only"" company, let’s stop giving them our gaming budgets.",reddit/r/pcmasterrace,Frequent_Couple_8469,0,https://www.reddit.com/r/pcmasterrace/comments/1sdqcly/why_im_officially_done_with_microncrucial_and_why/,2026-04-06T05:47:32+00:00,2026-04-06T08:41:19.780295+00:00
social,Micron OR 美光,"EverHint Stock Market News — April 5-6, 2026 (last 20 hours, Evening Update, PT)","## Executive Summary Asian markets rallying in thin Monday trading on reports of Iran ceasefire talks—Nikkei and KOSPI both gaining over 1% as diplomatic optimism spreads. However, Wall Street futures edging lower on conflicting geopolitical signals after Trump sets Tuesday deadline for Iran to reopen Hormuz Strait while simultaneously ceasefire negotiations reportedly progressing. Market whipsaw continuing as traders parse contradictory headlines. Citigroup pushing back Federal Reserve rate cut expectations to September from June after Friday's unexpectedly strong March jobs report showed 228,000 payroll gains—persistent inflation concerns delaying monetary easing. Paramount securing approximately $24 billion in equity commitments from three Gulf sovereign wealth funds to finance proposed $81 billion Warner Bros Discovery takeover—Middle East capital flooding into distressed U.S. media assets. Britain aggressively courting Anthropic to expand UK presence after AI company's clash with ",reddit/r/EverHint,Mamuthone125,1,https://www.reddit.com/r/EverHint/comments/1sdq80h/everhint_stock_market_news_april_56_2026_last_20/,2026-04-06T05:40:06+00:00,2026-04-06T08:41:19.780602+00:00
social,Micron OR 美光,Fermented fruit juice made from banana mixed with fermented plant blood made from fan leaves and arugula,"see the white fuzz beneficial yeast or lactic acid bacteria. As long as it isn't fuzzy, green, or black, it's a sign of a ""living"" ferment. You still want to scoop it out before straining it should feel thin, filmy, or slightly ""creamy."" \* If you poke it and it dissolves or breaks apart into the liquid easily, it’s likely Kahm yeast or beneficial Lactic Acid Bacteria. If it feels fuzzy, hairy, or ""structural."" If you poke it and it stays together like a solid mat or looks like a miniature forest of hairs, that is a mold you don't want. I used the 220 and 160 micron bubble bags to strain and finished by mixing it to a 1:1:1 ratio plant blood to fruit juice to apple cider vinegar witch stabilizes it for longer shelf life if your acv has any mother in it then don’t fully close the lid first 24-48 hours to allow gas exchange Dilute to 1:500 -1:1000 ratio per gallon of water shelf life is up to 3 months for best results up to 6 months but the microbes will slow down with time What to watch",reddit/r/weedfordumbies,fungal_alchemy,2,https://www.reddit.com/r/weedfordumbies/comments/1sdq3w7/fermented_fruit_juice_made_from_banana_mixed_with/,2026-04-06T05:33:25+00:00,2026-04-06T08:41:19.780647+00:00
social,Micron OR 美光,Fermented fruit juice made from banana mixed with fermented plant blood made from fan leaves and arugula,"see the white fuzz beneficial yeast or lactic acid bacteria. As long as it isn't fuzzy, green, or black, it's a sign of a ""living"" ferment. You still want to scoop it out before straining it should feel thin, filmy, or slightly ""creamy."" \* If you poke it and it dissolves or breaks apart into the liquid easily, it’s likely Kahm yeast or beneficial Lactic Acid Bacteria. If it feels fuzzy, hairy, or ""structural."" If you poke it and it stays together like a solid mat or looks like a miniature forest of hairs, that is a mold you don't want. I used the 220 and 160 micron bubble bags to strain and finished by mixing it to a 1:1:1 ratio plant blood to fruit juice to apple cider vinegar witch stabilizes it for longer shelf life if your acv has any mother in it then don’t fully close the lid first 24-48 hours to allow gas exchange Dilute to 1:500 -1:1000 ratio per gallon of water shelf life is up to 3 months for best results up to 6 months but the microbes will slow down with time What to watch",reddit/r/farmingthebestgreens,fungal_alchemy,0,https://www.reddit.com/r/farmingthebestgreens/comments/1sdq1nx/fermented_fruit_juice_made_from_banana_mixed_with/,2026-04-06T05:29:53+00:00,2026-04-06T08:41:19.780689+00:00
social,Micron OR 美光,Top 10 Weekly Move Rankings - 2026-04-06,"Top 10 symbols predicted to move the most over the next week (target date: 2026-04-13) **Symbols:** - [SNDK](https://finviz.com/quote.ashx?t=SNDK&p=d): SNDK surges on Q2 earnings beat, robust Q3 guidance, and AI-driven NAND demand, with technical momentum supporting 8-10% upside. - [LITE](https://finviz.com/quote.ashx?t=LITE&p=d): LITE surges on NVIDIA partnership, robust backlogs, S&P 500 addition, and AI demand catalysts, with strong technicals signaling continued upside. - [DELL](https://finviz.com/quote.ashx?t=DELL&p=d): DELL's stellar Q4 earnings, explosive AI growth, and optimistic FY27 guidance position it as a top pick amid robust sector demand. - [STX](https://finviz.com/quote.ashx?t=STX&p=d): Seagate's robust Q2 results, AI-driven HAMR advancements, and bullish technicals position STX for sustained growth amid data center demand. - [MU](https://finviz.com/quote.ashx?t=MU&p=d): Micron's AI/HBM boom, earnings beat, and positive guidance position MU for modest 4-5% upside next w",reddit/r/AIPortfolios,manojs,1,https://www.reddit.com/r/AIPortfolios/comments/1sdped0/top_10_weekly_move_rankings_20260406/,2026-04-06T04:54:32+00:00,2026-04-06T08:41:19.780874+00:00
social,Micron OR 美光,Artifacting RTX 2080Ti. Dead Vram Or Core?,"So I have here a GIGABYTE WINDFORCE RTX2080Ti that shows pink artifacts on the screen, it also has the code 43 error on windows with 0MB on GPUZ (rarely, the artifacts go away, but still has the error) I suspect this must be due to the faulty micron memory (8RA77 D9WCW) on b0, but the error is all 00ff00ff on MATS, in some repair video I watched I think the dude said that meant this error could be a faulty core. But since it is old micron memory it could also be a memory fault, especially since the card displays. For further info, the card was known to overheat by the previous owner. I've tried repasting and reflowing the memories (not reballing) but nothing changed. Before I buy new memories I would like your opinions. Here is my [MATS report.](https://drive.google.com/file/d/1lF-VjXu9lfgqkHUksyMe2Y0Mj4kmekjI/view?usp=drive_link)",reddit/r/GPURepair,deathisnotgood,3,https://www.reddit.com/r/GPURepair/comments/1sdpdzx/artifacting_rtx_2080ti_dead_vram_or_core/,2026-04-06T04:53:58+00:00,2026-04-06T08:41:19.780898+00:00
social,Micron OR 美光,RAM prices,"The MacBook Neo costs a whopping 70K. Air 32GB is 1.8-2L. A year and a half ago, a gaming laptop with 5070 or 4080 was 1.5, now it's 2.7-3l. Micron ithne badiya chuthiya hai, what are we all going to do guys. We just started making indie games in India and now this. plus the US capped the number of NVIDIA H GPUs for the Indian Semiconductor Mission at 50K. besides taping highly optimised GPUs at IISc, we're suddenly no longer a viable domestic cloud producing region. Most of our public cloud and even our CDNs are in the UAE and SG. Is it a bad day to have hyperscaling ambitions?",reddit/r/GadgetsIndia,Natural-Copy-4432,42,https://www.reddit.com/r/GadgetsIndia/comments/1sdoetm/ram_prices/,2026-04-06T04:01:59+00:00,2026-04-06T08:41:19.780918+00:00
social,Micron OR 美光,"10 Micron GM2000 HPS II Combi: €17,850.00 → €14,650.00 at Astroshop.eu",,reddit/r/astroprices,astroprices,1,https://www.reddit.com/r/astroprices/comments/1sdn63x/10_micron_gm2000_hps_ii_combi_1785000_1465000_at/,2026-04-06T03:01:15+00:00,2026-04-06T08:41:19.780929+00:00
social,Micron OR 美光,"10 Micron GM3000 HPS: €21,700.00 → €19,700.00 at Astroshop.eu",,reddit/r/astroprices,astroprices,1,https://www.reddit.com/r/astroprices/comments/1sdn5vg/10_micron_gm3000_hps_2170000_1970000_at/,2026-04-06T03:00:58+00:00,2026-04-06T08:41:19.780939+00:00
social,Micron OR 美光,[USA-CT] [H] Ram various sizes [W] PayPal,Vengeance Ipx dd4 3600mhz 16gb x2 Vengeance pro series 8gb 2400mhz Ripjaws dd4 3200 32gb x2 sodimm Team group 16gb 3200 x2 sodimm Micron 4gb x2 Sk Hynix 8gb 3200 x2 I would like 600 shipped open to offers. Please let me know if that's too much or its market value. I'm trying to unload these asap. Timestamps [https://imgur.com/a/1pvGYRs](https://imgur.com/a/1pvGYRs),reddit/r/hardwareswap,Key_Mechanic8020,1,https://www.reddit.com/r/hardwareswap/comments/1sdmmk4/usact_h_ram_various_sizes_w_paypal/,2026-04-06T02:35:28+00:00,2026-04-06T08:41:19.780954+00:00
social,Micron OR 美光,MICRON: World Domination Timeline,When will Micron hit 1T?,reddit/r/MU_Stock,Savory_lover,10,https://www.reddit.com/r/MU_Stock/comments/1sdmewe/micron_world_domination_timeline/,2026-04-06T02:25:33+00:00,2026-04-06T08:41:19.780963+00:00
social,Micron OR 美光,Kimesia dissolving due to lack of planning,"I have decided to dissolve Kimesia and go back to the drawing board. I figured my mistake was lack of planning, I just went straight in with no clear idea about how I am going to recruit, what the government system is going to be, and how to make the micronation as succesful as it can be. I plan to take some time to design a proper framework before launching anything new and spending so much effort on it. I'm excited to start fresh and to start a micronation that is organized, strong, and actually engaging for its members. Thanks everyone for your support! I really appreciate that! :)",reddit/r/micronations,Kimesia_Gov,2,https://www.reddit.com/r/micronations/comments/1sdmd2j/kimesia_dissolving_due_to_lack_of_planning/,2026-04-06T02:23:14+00:00,2026-04-06T08:41:19.780986+00:00
social,Micron OR 美光,How can I get my micronation on Google Maps?,"I’m seeing other people get their micronation on Google Maps, but I’m having trouble with mine. Any tips or something??",reddit/r/micronations,Colaite,2,https://www.reddit.com/r/micronations/comments/1sdlirq/how_can_i_get_my_micronation_on_google_maps/,2026-04-06T01:45:03+00:00,2026-04-06T08:41:19.780998+00:00
social,Micron OR 美光,help me choose my ft job,"context: nus ise grad, 2 supply chain internships, 1 software dev internship. my priority is growth, and business knowledge since i want to start my own business one day.. between these two jobs, assuming same pay, which one should i choose? 1. micron - planning engineer 2. shopee spx - regional strategy i'm scared that once i join semicon it'll be hard for me to leave the industry especially if my role is an engineering role. also micron is mass hiring, im scared they'll mass lay off too in the future... and for spx, i know it's gna less chill and no wfh:( but idk, please enlighten me🙏",reddit/r/singaporejobs,Ambitious-Orange4635,2,https://www.reddit.com/r/singaporejobs/comments/1sdlgji/help_me_choose_my_ft_job/,2026-04-06T01:42:12+00:00,2026-04-06T08:41:19.781019+00:00
social,Micron OR 美光,First build,Is there any thing I’m missing or need to improve? Trying to stay under 1700 usd. The total is currently at 1525.94$,reddit/r/PcBuild,Novel_Requirement_41,0,https://www.reddit.com/r/PcBuild/comments/1sdipae/first_build/,2026-04-05T23:37:23+00:00,2026-04-06T08:41:19.781030+00:00
social,Micron OR 美光,"EXCLUSIVE: German Scientists Crack Fusion Reactor Lifespan Problem. Using Pure Tungsten Coating, That Withstands 50 Million Degree Plasma Six Times Longer Than Carbon 🔥","Researchers at the Max Planck Institute for Plasma Physics developed an electrochemical method to deposit ultra pure tungsten coatings directly onto fusion reactor walls, published in Fusion Engineering and Design. Traditional etching leaves impurities that crack under plasma heat. Their process grows tungsten atom by atom from a molten salt bath, creating seamless layers one micron thick with zero defects. Tested in the ASDEX Upgrade tokamak, the coating endured 50 million degree Celsius plasma exposures six minutes straight, higher density and energy than carbon predecessors ever managed. Tungsten solves carbon’s fuel trapping problem. Carbon absorbs deuterium and tritium, starving ITER’s tritium breeding blanket. Tungsten’s low atomic mass and high melting point prevent retention while reflecting heat seven times better than steel. The coating bonds to molybdenum and other tokamak materials without thermal expansion mismatch, a failure mode that delaminates prior attempts. ITER swit",reddit/r/InterstellarKinetics,InterstellarKinetics,106,https://www.reddit.com/r/InterstellarKinetics/comments/1sdieyx/exclusive_german_scientists_crack_fusion_reactor/,2026-04-05T23:24:46+00:00,2026-04-06T08:41:19.781065+00:00
social,Micron OR 美光,Tried Mixing Ram Sticks.. Need Help,"When I first used them together, it worked really well. Went on to play Modded MC for \~4Hrs or maybe more. Hopped off for a bit and when relogging on I was met with this error ""The **jvm.dll** 'Problematic frame' in **hs\_err\_pid15344.log** may be caused by several issues, including a hardware bug or a bug in the JVM itself. Please try the following steps in order: 1) Have you encountered a **warning** about Intel 13th and 14th-generation processors? If you've experienced any system instability (BSODs, random app crashes), this is likely the cause. 2) If memory overclocking (**XMP**/**DOCP**/**EXPO**) is enabled, disable it, as it doesn't seem to work well with your system and may be causing memory corruption. Look for memory diagnostics instructions at the bottom of this message. 3) If you have done any overclocking, like downvolting or upvolting, try reverting it. 4) Apply the recommended **JVM arguments** for your modpack. 5) Test different Java versions or vendors, as the bug may",reddit/r/pcmasterrace,Active_Prompt_3145,1,https://www.reddit.com/r/pcmasterrace/comments/1sdhlhk/tried_mixing_ram_sticks_need_help/,2026-04-05T22:49:59+00:00,2026-04-06T08:41:19.781099+00:00
social,Micron OR 美光,Intro:,"Hello, My Username is “AutisticAnomaly” and this is my project: Background: I have been mentally making a worldbuilding project since 2015 (Since i was 10) and i have been wanting to make more out of it but it seems like a micronation at this rate but not my intent. My intent is to share my world and it’s creations with the world. Names: I have been wanting to make a good name and i settled on “Folkenhagen” with it’s own subreddit, where i will post story-updates to it frequently but not too frequently y’know. Original Names are “Anomaly Land” and “The Abiglacier Union”. Folkenhagen: My world was (At first) mainly a dictatorship-ruled society in the world of “Abiglacier” a planet far away from any known galaxies known to scientists. My world (Now) consists of many media mediums to which will be taken it’s time to be created and many commissions down the line. But start small i will do. It is from a AU in a Universe named Abiglacier with the name of the planet named “Folkenhagen”. And t",reddit/r/Folkenhagen,Impressive_End_4045,1,https://www.reddit.com/r/Folkenhagen/comments/1sdh4ec/intro/,2026-04-05T22:29:34+00:00,2026-04-06T08:41:19.781137+00:00
social,Micron OR 美光,"Introduction To Folkenhagen and It's Creator, AutisticAnomaly","Hello, My Username is “AutisticAnomaly” and this is my project: Background: I have been mentally making a worldbuilding project since 2015 (Since i was 10) and i have been wanting to make more out of it but it seems like a micronation at this rate but not my intent. My intent is to share my world and it’s creations with the world. I am on the autism spectrum (hence the username) and it may have an impact on my process. Names: I have been wanting to make a good name and i settled on “Folkenhagen” with it’s own subreddit, where i will post story-updates to it frequently but not too frequently y’know. Original Names are “Anomaly Land” and “The Abiglacier Union”. Folkenhagen: My world was (At first) mainly a dictatorship-ruled society in the world of “Abiglacier” a planet far away from any known galaxies known to scientists. My world (Now) consists of many media mediums to which will be taken it’s time to be created and many commissions down the line. But start small i will do. It is from ",reddit/r/worldbuilding,Impressive_End_4045,2,https://www.reddit.com/r/worldbuilding/comments/1sdh2y4/introduction_to_folkenhagen_and_its_creator/,2026-04-05T22:27:48+00:00,2026-04-06T08:41:19.781174+00:00
social,Micron OR 美光,WTS US RCF DAY DATE 40MM,Purchased from RCF Remould Milky Gasket Replacement 5 Micron RG Plating Rehaut Polish Waterproofing US based no 3 month wait $1600 Selling because switching to yellow gold \*Please don't waste my time or yours if you don't want to do a transaction with someone who doesn't have sale history or if you think I am a scammer\*,reddit/r/ReplicaWatchMods,No-Society3091,23,https://www.reddit.com/r/ReplicaWatchMods/comments/1sdfjwj/wts_us_rcf_day_date_40mm/,2026-04-05T21:24:25+00:00,2026-04-06T08:41:19.781189+00:00
social,Micron OR 美光,First full weekly for April,"First full weekly for April in this misty dragon theme. I can't get over how much I love these dragon Spire stickers and Washi. Supplies: \- Mildliner violet \- Tombow 800 \- Arrtx Acrylic Marker 91 gold \- Sakura Pigma Micron 01 \- Archer and Olive gel pen gold \- Archer and Olive Dragon Spire sticker set \- Archer and Olive Dragon Spire Washi \- Archer and Olive grey and white floral Washi \- Journalsay Mountain PET Washi \- Journalsay grey Washi \- Michaels purple watercolor Washi \- Metal Gothic Font on Fontspace \- Tiefossi 8x8 Square art heirloom dot grid notebook, grey",reddit/r/bulletjournal,bsquared77,8,https://www.reddit.com/r/bulletjournal/comments/1sdefpm/first_full_weekly_for_april/,2026-04-05T20:39:38+00:00,2026-04-06T08:41:19.781207+00:00
social,Micron OR 美光,TinyChanger is Complete,"Here’s my Micron Stealthchanger printed in Prince Of Purple Ambrosia ASA. Ill be working on the wrap up video this week for YouTube, let me know what you think!",reddit/r/VORONDesign,Neokoi_Prints,329,https://www.reddit.com/r/VORONDesign/comments/1sde3he/tinychanger_is_complete/,2026-04-05T20:26:14+00:00,2026-04-06T08:41:19.781219+00:00
social,Micron OR 美光,Julian Lin has changed rating from Sell to Neutral. Admits they were wrong about the cyclical nature of MU.,,reddit/r/MU_Stock,Stunning-Dig-8916,17,https://www.reddit.com/r/MU_Stock/comments/1sddqn9/julian_lin_has_changed_rating_from_sell_to/,2026-04-05T20:12:00+00:00,2026-04-06T08:41:19.781229+00:00
social,Micron OR 美光,Can high oestrogen cause hair fall?,Especially for women using more than 100mcg patch or .1 (With 200mg progesterone.) I really wonder if women who use more than 100mcg patch need more than 200mg oral micronized progesterone for balance. Might do a blood test.,reddit/r/Menopause,Head_Cat_9440,1,https://www.reddit.com/r/Menopause/comments/1sdcvkk/can_high_oestrogen_cause_hair_fall/,2026-04-05T19:37:26+00:00,2026-04-06T08:41:19.781240+00:00
social,Micron OR 美光,Best vacuum setup for resi,"I’m sure this has been asked before but maybe seeing some opinions, plan on getting the fieldpiece 6cfm, not sure which hoses to get,a CRT, maybe a micron gauge? def gonna be doing a lot of side work this summer on mini splits, any recommendations or advice? Also which site, supply house, trutech tools",reddit/r/HVAC,brian1192,10,https://www.reddit.com/r/HVAC/comments/1sdct8q/best_vacuum_setup_for_resi/,2026-04-05T19:34:50+00:00,2026-04-06T08:41:19.781254+00:00
social,Micron OR 美光,Speed Champions Delorean Technique,Those Speed Champions sets always use some crazy SNOT and tight building techniques. This one on 77256 is pretty much “illegal” I think. Not that it matters the model looks amazing. Someone would pretty much have to use a micrometer to figure it out but the angled “spoiler” is resting on the 2x2 half-tile (sorry for my unofficial parts nomenclature) and I’m pretty sure it’s pushing that sub-assembly up by like 0.5 microns haha.,reddit/r/lego,Taptrick,0,https://www.reddit.com/r/lego/comments/1sdcsrq/speed_champions_delorean_technique/,2026-04-05T19:34:18+00:00,2026-04-06T08:41:19.781272+00:00
social,Micron OR 美光,7500F with 2x16GB 6000Mhz cl38 vs 2x8GB soddim on addapters running at 4800Mhz cl40 jedec speeds on CS2,"PC: \-R5 7500F with PBO at -30 +200mhz \-B850 Eagle Ice \-RX 7900XTX The game is running at low settings on the DUST 2 fps benchmark map, i am just swapping the ram, everything else is the same and this is the difference in fps i am getting. And ive tried to overclock the good ram but its micron stuff and the best i could get is cl36 and very little improvement. Sry for the bad photos.",reddit/r/overclocking,ReasonableAd7172,3,https://www.reddit.com/r/overclocking/comments/1sdcjts/7500f_with_2x16gb_6000mhz_cl38_vs_2x8gb_soddim_on/,2026-04-05T19:24:40+00:00,2026-04-06T08:41:19.781288+00:00
social,Micron OR 美光,"[FS][CAN-ON] 18x 2.5"" SATA3 SSDs (Sandisk, Samsung and Micron)","Hi all! Wiped, tested and good to go. CDI included. All **256GB** in capacity. Models: 9x Sandisk z400s 6x Samsung PM871a + 2x PM871b 1x Hynix SC313 $20 USD/ea or take all 18 for $300 USD. Shipping seems to be around $20 USD, give or take for US or Canada. [Timestampies](https://imgur.com/a/DKcry1J)",reddit/r/homelabsales,calpwns,2,https://www.reddit.com/r/homelabsales/comments/1sdc23j/fscanon_18x_25_sata3_ssds_sandisk_samsung_and/,2026-04-05T19:05:18+00:00,2026-04-06T08:41:19.781301+00:00
social,Micron OR 美光,1967 - with the first table,**Table without cartouche.** French double page advert. https://preview.redd.it/av06t7x82ftg1.jpg?width=6000&format=pjpg&auto=webp&s=07cce0d3a8f488e688bbbbd41b9c865b7ff9b73c,reddit/r/STDupont,Phil-y-Bread,4,https://www.reddit.com/r/STDupont/comments/1sdbf44/1967_with_the_first_table/,2026-04-05T18:40:29+00:00,2026-04-06T08:41:19.781311+00:00
social,Micron OR 美光,Need recommendations,"Does anyone have any experience using MrReptiles misting system in theory set ups? Ive had nothing but bad luck with misting systems with an attached reservoir (constantly leaking). I know mistking has an amazing reputation, but the price is a little steep. I could make my budget that high if Absolutely and direly necessary. But wanted to see if there are people who have bought and tried MrReptile and have had good experiences. (I have read reviews where people state that mrreptile is essentially a cheaper and “just as good” version of mistking, but theres also only 22 reviews on the mrreptile unit, making it hard to know if i can trust it) TIA!!",reddit/r/reptiles,PhilosophyNo331,3,https://www.reddit.com/r/reptiles/comments/1sdbf03/need_recommendations/,2026-04-05T18:40:22+00:00,2026-04-06T08:41:19.781332+00:00
social,Micron OR 美光,I drew this with some brush and micron pens. I added the dot greyscale in Procreate afterwards.,,reddit/r/drawing,Icy_Coyote_9134,33,https://www.reddit.com/r/drawing/comments/1sdao3s/i_drew_this_with_some_brush_and_micron_pens_i/,2026-04-05T18:11:14+00:00,2026-04-06T08:41:19.781342+00:00
social,Micron OR 美光,Is it Wise to Consider Investing in Micron (MU)?,,reddit/r/GlobalMarketNews,GlobalMarketBulletin,1,https://www.reddit.com/r/GlobalMarketNews/comments/1sd9o5x/is_it_wise_to_consider_investing_in_micron_mu/,2026-04-05T17:32:54+00:00,2026-04-06T08:41:19.781351+00:00
social,Micron OR 美光,1307: Possible Error in Show,"Hi everyone, I just listened to the Water Filtration episode and at one point when talking about micro plastics she refers to them being 5 mm and 1mm but that’s not micro or unseeable. You can see how big a millimeter is on a ruler. You would be able to see plastics in your water at the millimeter size as floaters, especially at 5mm. So did she mean to say micrometer considering filters are rated in microns as to how effective they are at removing contaminants? Sorry but this is bothering me as a former water chemist 😂",reddit/r/JordanHarbinger,NevelynRose,1,https://www.reddit.com/r/JordanHarbinger/comments/1sd9jwi/1307_possible_error_in_show/,2026-04-05T17:28:23+00:00,2026-04-06T08:41:19.781370+00:00
social,Micron OR 美光,Slowjamastan: The new 'nation' hiding in the US,"**More than 25,000 self-proclaimed citizens have pledged their allegiance to this faux dictatorship, where Crocs and reply-all emails are forbidden.** Between the date palm farms of California's Coachella Valley and the Mexican border, a sunburnt stretch of desert the colour of worn khakis extends as far as the eye can see. This arid no-man's land is dotted with knee-high scrub bushes and spindly branches. The air vibrates with the steady hiss of insects. And shimmering in the distance, there's a submarine. This is [The Republic of Slowjamastan](https://www.slowjamastan.org/), the world's youngest micronation. Spread across 11 acres that unspool like a long ballad, these scorched badlands occupy territory drivers typically pass without a second glance. Yet, step inside and the real world slips away. In this ""country"", Crocs are constitutionally banned. Reply-all emails are forbidden by law. Speeding is permitted, but only if you're racing home with tacos. The national animal is the rac",reddit/r/WorldPaperMoney,JanCollector,20,https://www.reddit.com/r/WorldPaperMoney/comments/1sd8s8o/slowjamastan_the_new_nation_hiding_in_the_us/,2026-04-05T16:58:35+00:00,2026-04-06T08:41:19.781406+00:00
social,Micron OR 美光,I’m on week 8 of HRT,"I just wanted to share my experience for others. I’ve been helped by many of the posts here. The first 5 weeks felt like an adjustment phase. I had irregular bleeding, heart palpitations at times, breast tenderness (first 4 weeks) and just felt a lot of fluctuations in my mood including some anxiety at times. There was overall improvement compared to pre-HRT though —my brain fog and general mood were better. By week 6 things seemed to have stabilized. Now I feel so much clearer and competent. No more spotting or heart palpitations for the time being. I have more of an appetite, which I love, because I would go through times of having no desire for food before HRT. My digestion has improved. I didn’t realize how much estrogen affects the bowels. The one area that hasn’t improved is my 3 AM waking for several hours, but at least I feel more motivated to get things done and not spiral into negativity and anxiety during that window. I’m perimenopausal and am on a continuous .0375 patch wit",reddit/r/Perimenopause,Eterna-infinita,28,https://www.reddit.com/r/Perimenopause/comments/1sd8p1v/im_on_week_8_of_hrt/,2026-04-05T16:55:00+00:00,2026-04-06T08:41:19.781434+00:00
social,Micron OR 美光,"[H] Bundle leftovers [W] Paypal EU, Mega Man X Dive Offline, Vengeful Guardian Moonrider, Ex-Zodiac, Orten Was The Case, Henry Halfhead, Valkyria Chronicles 4, The Abandoned Planet, The Trolley Solution","***No offering Amazon Prime freebies or a single random game that's not listed in the title or instant block*** LOOKING ONLY FOR THE GAMES CURRENTLY LISTED IN THE TITLE ATM *only games I'm currently looking for are the recently bundled ones listed in the title, I won't look at random lists *other than that I'm mostly only looking for Paypal offers (EU preferred but non-EU buyers have to cover fees, I will give you instructions in the DM after accepting an offer) If no price is listed make your own offer. Also considering TF2 key offers but I'd prefer Paypal *Lestrades wishlist for quick matching https://lestrades.com/@superteletubbies64/wishlist/ I'm open for offers for games that are not in the title but are on the wishlist but it has to be good *DO NOT send a chat invite without having commented first or instant block *Check the date of the post before offering, you should look for the most recent version of this post and verify if the game you want is still on the list and the games",reddit/r/GameTrade,Superteletubbies64,1,https://www.reddit.com/r/GameTrade/comments/1sd6l59/h_bundle_leftovers_w_paypal_eu_mega_man_x_dive/,2026-04-05T15:31:51+00:00,2026-04-06T08:41:19.781492+00:00
social,Micron OR 美光,"[H] Bundle leftovers [W] Paypal EU, Mega Man X Dive Offline, Vengeful Guardian Moonrider, Ex-Zodiac, Orten Was The Case, Henry Halfhead, Valkyria Chronicles 4, The Abandoned Planet, The Trolley Solution","***No offering Amazon Prime freebies or a single random game that's not listed in the title or instant block*** LOOKING ONLY FOR THE GAMES CURRENTLY LISTED IN THE TITLE ATM *only games I'm currently looking for are the recently bundled ones listed in the title, I won't look at random lists *other than that I'm mostly only looking for Paypal offers (EU preferred but non-EU buyers have to cover fees, I will give you instructions in the DM after accepting an offer) If no price is listed make your own offer. Also considering TF2 key offers but I'd prefer Paypal *Lestrades wishlist for quick matching https://lestrades.com/@superteletubbies64/wishlist/ I'm open for offers for games that are not in the title but are on the wishlist but it has to be good *DO NOT send a chat invite without having commented first or instant block *Check the date of the post before offering, you should look for the most recent version of this post and verify if the game you want is still on the list and the games",reddit/r/indiegameswap,Superteletubbies64,1,https://www.reddit.com/r/indiegameswap/comments/1sd6l29/h_bundle_leftovers_w_paypal_eu_mega_man_x_dive/,2026-04-05T15:31:44+00:00,2026-04-06T08:41:19.781542+00:00
social,Micron OR 美光,"[H] Bundle leftovers [W] Paypal EU, Mega Man X Dive Offline, Vengeful Guardian Moonrider, Ex-Zodiac, Orten Was The Case, Henry Halfhead, Valkyria Chronicles 4, The Abandoned Planet, The Trolley Solution","***No offering Amazon Prime freebies or a single random game that's not listed in the title or instant block*** LOOKING ONLY FOR THE GAMES CURRENTLY LISTED IN THE TITLE ATM *only games I'm currently looking for are the recently bundled ones listed in the title, I won't look at random lists *other than that I'm mostly only looking for Paypal offers (EU preferred but non-EU buyers have to cover fees, I will give you instructions in the DM after accepting an offer) If no price is listed make your own offer. Also considering TF2 key offers but I'd prefer Paypal *Lestrades wishlist for quick matching https://lestrades.com/@superteletubbies64/wishlist/ I'm open for offers for games that are not in the title but are on the wishlist but it has to be good *DO NOT send a chat invite without having commented first or instant block *Check the date of the post before offering, you should look for the most recent version of this post and verify if the game you want is still on the list and the games",reddit/r/SteamGameSwap,Superteletubbies64,1,https://www.reddit.com/r/SteamGameSwap/comments/1sd6kyy/h_bundle_leftovers_w_paypal_eu_mega_man_x_dive/,2026-04-05T15:31:37+00:00,2026-04-06T08:41:19.781590+00:00
social,Micron OR 美光,Nutrabay 250g creatine for ₹330 on Blinkit. Check your pincode.,,reddit/r/protein_deals,anurag1234567,2,https://www.reddit.com/r/protein_deals/comments/1sd5jsy/nutrabay_250g_creatine_for_330_on_blinkit_check/,2026-04-05T14:49:53+00:00,2026-04-06T08:41:19.781607+00:00
social,Micron OR 美光,Yeast cell filtration at home scale,"I decided to filter my cider before stabilization so that the sulfites and sorbate would work more effectively, allowing me to safely backsweeten, carbonate, and bottle. I filtered it through 1 micron and 0.5 micron 10-inch polypropylene filters, but the cider didn’t get any clearer. I initially thought it might be pectin. Then I decided to test the filter efficiency using a 5L mixture of baking yeast and sugar, since there definitely shouldn’t be any pectin in that. In the end, I realized that my filtration setup might have been completely pointless and ineffective, because as you can see in the photo, there is still yeast present in the water after filtration. So the question is: Is there any real benefit to filtering with this kind of setup, and does it actually reduce the number of yeast cells in the liquid? And what would be a good budget-friendly filtration solution for \~100L batches?",reddit/r/winemaking,Brief-List5772,8,https://www.reddit.com/r/winemaking/comments/1sd56a5/yeast_cell_filtration_at_home_scale/,2026-04-05T14:34:20+00:00,2026-04-06T08:41:19.781644+00:00
social,Micron OR 美光,Hjælp til portefølje,"Hej Reddit, jeg er 18 år gammel og er så småt begyndt at investere i aktier. Jeg har overvejet at bruge min ASK til nogle stærke enkelt aktier som: NVIDIA, Microsoft og Micron. Og fylde den med de aktier. På mit almindelige depot havde jeg tænkt af have VWCE som min primære invistering med lidt aktier i Novo Nordisk. Håber der er nogle kloge hoveder der har noget erfaring og viden om hvor vidt det er en god og holdbar løsning? På forhånd tak.",reddit/r/dkfinance,Careless_Repair_1198,0,https://www.reddit.com/r/dkfinance/comments/1sd487e/hjælp_til_portefølje/,2026-04-05T13:54:11+00:00,2026-04-06T08:41:19.781676+00:00
social,Micron OR 美光,Switching from 10 micron Carbon Block to 20 micron Sediment only filter,Will this increase my pressure by much? I know it won’t take out chlorine much but it’s pretty low at 0.56ppm from the source.,reddit/r/WaterTreatment,Ornery_Leopard_4552,1,https://www.reddit.com/r/WaterTreatment/comments/1sd3y7l/switching_from_10_micron_carbon_block_to_20/,2026-04-05T13:42:02+00:00,2026-04-06T08:41:19.781687+00:00
social,Micron OR 美光,Yeast cell filtration at home scale,"I decided to filter my cider before stabilization so that the sulfites and sorbate would work more effectively, allowing me to safely backsweeten, carbonate, and bottle. I filtered it through 1 micron and 0.5 micron 10-inch polypropylene filters, but the cider didn’t get any clearer. I initially thought it might be pectin. Then I decided to test the filter efficiency using a 5L mixture of baking yeast and sugar, since there definitely shouldn’t be any pectin in that. In the end, I realized that my filtration setup might have been completely pointless and ineffective, because as you can see in the photo, there is still yeast present in the water after filtration. So the question is: Is there any real benefit to filtering with this kind of setup, and does it actually reduce the number of yeast cells in the liquid? And what would be a good budget-friendly filtration solution for \~100L batches?",reddit/r/cider,Brief-List5772,6,https://www.reddit.com/r/cider/comments/1sd3wej/yeast_cell_filtration_at_home_scale/,2026-04-05T13:39:49+00:00,2026-04-06T08:41:19.781710+00:00
social,Micron OR 美光,failmoder proposes a new flag,,reddit/r/4tran,Training-Frame3532,41,https://www.reddit.com/r/4tran/comments/1sd3l6z/failmoder_proposes_a_new_flag/,2026-04-05T13:26:02+00:00,2026-04-06T08:41:19.781718+00:00
social,Micron OR 美光,Air Purifier Buying Mistakes – #10 Buying Non-HEPA or “HEPA-Type” Filters,"Many air purifiers advertise terms like: * HEPA-type * HEPA-like * HEPA-style But these are not the same as a true HEPA filte**r**. **Why this matters:** A True HEPA filter is designed to capture: * PM2.5 * Dust * Pollen * Fine airborne particles With an efficiency of up to 99.97% at 0.3 microns. HEPA-type filters: * Are not standardized * May capture fewer particles * Often allow fine pollutants to pass through This means your purifier may look like it’s working, but: * PM2.5 may still remain in the air * Fine pollution may not be effectively removed Always check that the purifier has a **True HEPA filter**, not just HEPA-like or similar wording. **Mistakes covered in this series so far:** \#1 Not checking for auto-restart \#2 Ignoring the pre-filter (especially washable ones) \#3 Trusting marketed coverage instead of choosing higher CADR \#4 Turning it off to “save electricity” \#5 Getting distracted by fancy features \#6 Not considering filter replacement cost & availability \#7 Not",reddit/r/HyderabadAQI,No_Ad_8807,1,https://www.reddit.com/r/HyderabadAQI/comments/1sd2tiv/air_purifier_buying_mistakes_10_buying_nonhepa_or/,2026-04-05T12:50:26+00:00,2026-04-06T08:41:19.781748+00:00
social,Micron OR 美光,DRAM ETF不是新故事，是新按钮,聊聊刚上市不久的纯存储 ETF DRAM。 过去一年多，全世界的投资者都想买存储股。 问题是，怎么买？ 全球 DRAM 基本是美光、三星、SK 海力士三强寡头。 美光在美股能直接买，比较容易。但三星和SK海力士都在韩国上市，很多投资者根本买不到。更要命的是，这两家公司也不在SOXX、SMH这些主流半导体ETF里。 于是出现了一个很滑稽的现象。大家开始疯狂买韩国大盘ETF EWY，把它当成存储行业基金来买。 为啥？因为三星和SK海力士加起来占了EWY将近一半的权重。 但代价就是，你想买存储，还要配货搭上现代汽车、韩国银行这些完全不相干的公司。 EWY过去一年疯狂吸金，但这里面大量的钱，其实只想买三星和SK海力士。 Roundhill 看到了这个机会，直接推出 DRAM。里面包含9只票，美光、三星、SK海力士各占25%左右，剩下的是铠侠、SanDisk、西部数据、希捷这些。 说白了，它不是在讲一个新故事，只是纯粹用来满足一个已经被验证的巨大需求。 抛开 DRAM 本身值不值得买这个问题，它最有意思的地方可能在于它是一个信号。 一个投资主题的生命周期大概是这样的。 最开始，只有少数专业投资者看到机会，闷声赚钱。然后越来越多人跟进，研报满天飞，分析师开始喊超级周期。最后一步，就是有人把它包装成一只ETF，让散户一键下单。 当一个交易走到了一键下单这一步，说明市场共识已经形成了。 而共识形成之后，未来的收益就不再取决于大家会不会发现这个机会，而是取决于现实会不会比大家已经预期的更好。 这是一个门槛高得多的考验。,reddit/r/Go_Stock,FoodElegant3004,5,https://www.reddit.com/r/Go_Stock/comments/1sd2pw3/dram_etf不是新故事是新按钮/,2026-04-05T12:45:32+00:00,2026-04-06T08:41:19.781767+00:00
social,Micron OR 美光,I need help to this,"Estou tentando fazer overclock nos meus pentes de memórias. E queria saber qual éo chip de memória para eu ter um norte. Usei o programa Thaiphoon Bruner, mas ele não me informa exatamente como nos YT tutorial. Com esses imagens o GPT diz que é GPT: ""DRAM Manufacturer: SpecTek Part Number: MT60B2G8 SpecTek é uma subsidiária da Micron."" Usei como referência e não fui muito agressivo. Percebi que no win11 gerenciador de tarefas os modulos estavam informando 4800MHz o Zthimings também. Dai percebi que algo estava errado. Fui no gemini e fiz o upload das mesmas imagens e ela me diz outra coisa. Gemini: Observe a sequência (48HN) logo após a velocidade de 6000MT/s. No sistema de nomenclatura da ADATA/XPG para memórias DDR5: ​H: Indica que o chip é Hynix. ​N: Geralmente refere-se a chips Non-binary (como módulos de 24GB ou 48GB), mas em módulos de 16GB como o seu, essa letra final costuma indicar a revisão ou densidade específica do die. Claro, que fiquei alegre 😃, mas confuso em quem confia",reddit/r/overclocking,Galatimos,0,https://www.reddit.com/r/overclocking/comments/1sd2ajz/i_need_help_to_this/,2026-04-05T12:24:36+00:00,2026-04-06T08:41:19.781798+00:00
social,Micron OR 美光,"[USA-MA][H]16GB DDR5 GeIL Orion [W]Paypal, local cash, or trade for LGA1700 CPU","**1x 16GB GeIL Orion DDR5** While looking for a different kit to list, I found this spare. It's got Micron ICs as shown in the video. Can run 6000 at 1.35V, and I was able to get it to 7200 with 1.45V, but I never tuned any of the timings. ~~**$90 shipped / $80 local cash OBO** (local zip is 01108)~~ sold to u/Wirax-402 Will take Paypal, or a trade with cash on my end for a 13th or 14th gen Intel CPU Timestamp: https://imgur.com/a/D5bkCAn",reddit/r/hardwareswap,t3hmyth,4,https://www.reddit.com/r/hardwareswap/comments/1sd16dn/usamah16gb_ddr5_geil_orion_wpaypal_local_cash_or/,2026-04-05T11:25:04+00:00,2026-04-06T08:41:19.781815+00:00
social,Micron OR 美光,Rate my first PC Build,I started purchasing parts in October last year instead of all in one go so some prices might not reflect current market rate,reddit/r/PakGamers,Few-Appointment5237,23,https://www.reddit.com/r/PakGamers/comments/1sd0u4m/rate_my_first_pc_build/,2026-04-05T11:05:36+00:00,2026-04-06T08:41:19.781826+00:00
social,Micron OR 美光,How to deal with water spots & other nasty paint damages on my Miata,"I've had my year 2000 Mazda MX-5 NB for over a year now, and originally I wanted to ask for advice on some nasty water spots she developed. We had an unusually harsh winter, which she spent in a deep level parking garage, naive me thinking that my car will be adequately protected there from the elements. Of course the garage ceiling developed leaks, one of them directly above my parking spot. By the time I noticed it after returning from the Christmas festivities at my parents', water was dripping down for weeks and essentially growing what I reckon to be baby stalagmites on the hood of my car. I wiped off what I could and washed the car and after it dried (and I removed the new drippings too) I covered the whole car up. Unfortunately the damage was done and now I have these hard white splashes that just refuse to come off and are quite an eyesore. Tbh I only tried vinegar on it so far, I read a lot about different water spot remover products, clay barring, and I even tried to get comf",reddit/r/Detailing,MauritiusRex,2,https://www.reddit.com/r/Detailing/comments/1sd0ntp/how_to_deal_with_water_spots_other_nasty_paint/,2026-04-05T10:55:48+00:00,2026-04-06T08:41:19.781878+00:00
social,Micron OR 美光,"Hardware to sell, most if it are used in Server, shippment only for EU region","KIOXSIA 3.84T nvme 2.5"" SSD gen4 U.2 \[ New \] - 15 pcs ---> 850 € per piece with shipping Samsung PM9A3 960GB 2.5"" SSD gen4 U.2 \[ Used \] - 50 pcs - 150 € per piece with shipping with Bundle price is negotiable Samsung PM9A3 960GB 2.5"" SSD gen4 U.2 \[ Used \] - 50 pcs - 150 € per piece with shipping with Bundle price is negotiable Micron 16GB DDR4 PC4-32000 ECC \[ Used \] - 100 pcs - 100 € per piece with shipping with Bundle price is negotiable ADATA nvme M.2 SSD 256GB \[ Used \] - 200 pcs - 20€ per piece with shipping with Bundle price is negotiable Nvidia Quadro RTX 4000 8GB GDDR6 Workstation GPU \[ Used \] - 200 € with shipping",reddit/r/sellingithardware,usedITequipment,1,https://www.reddit.com/r/sellingithardware/comments/1sczyik/hardware_to_sell_most_if_it_are_used_in_server/,2026-04-05T10:12:35+00:00,2026-04-06T08:41:19.781900+00:00
social,Micron OR 美光,Cartridge Filters Explained: Which Micron Rating Should You Actually Use?,"I’ve been researching **cartridge filters** lately and realized how confusing micron ratings can be for beginners. Here’s a simple breakdown I wish I had earlier • 25 micron → removes large sediment (sand, dirt) • 10 micron → handles finer particles like rust • 5 micron → common for most home filtration • 1 micron → extra protection (some bacteria) From what I’ve learned, going *too fine too fast* can reduce water pressure and clog filters quickly. A lot of people recommend a staged setup like: 20–25 micron → 5 micron → 1 micron This seems to balance performance + lifespan pretty well. Would love to hear from others here: What micron setup are you using for your cartridge filters? Any mistakes you made when starting out?",reddit/r/WaterFilters,BestHousing5363,2,https://www.reddit.com/r/WaterFilters/comments/1sczi0q/cartridge_filters_explained_which_micron_rating/,2026-04-05T09:44:06+00:00,2026-04-06T08:41:19.781936+00:00
social,Micron OR 美光,New Announcement. Opening of new Project: DRB,"# New Announcement. Opening of new Project: DRB [](https://www.reddit.com/r/micronations/?f=flair_name%3A%22Project%20%2F%20News%20%2F%20Update%22) Ladies, and gentlemen. I'm happy to announce the project I've been working on since March: The DRB. I wont show the name due to some personal reasons, Here is the flag tho. But I wont show the location however due to some government reasons (our Government) . I would also like to state that we have approximately 8 members, although by counting down specifically it'll be approximately 4 when counting by humans. We would like to add more citizens too. To be a citizen you would need to join: [byrdportal.lovable.app](http://byrdportal.lovable.app) to get your citizenship.",reddit/r/micronations,MostAttorney1701,1,https://www.reddit.com/r/micronations/comments/1sczexg/new_announcement_opening_of_new_project_drb/,2026-04-05T09:38:24+00:00,2026-04-06T08:41:19.781957+00:00
social,Micron OR 美光,Projected HBM Market Shares,"Micron should see continued gains (potentially 20%+), driven by its fully sold-out HBM production for 2026 under binding contracts and strengths in power efficiency for HBM4. Micron’s annualized HBM run rate is already \~$8B heading into 2026.",reddit/r/MU_Stock,XT1A1TX,14,https://www.reddit.com/r/MU_Stock/comments/1scyio1/projected_hbm_market_shares/,2026-04-05T08:40:48+00:00,2026-04-06T08:41:19.781982+00:00
social,Micron OR 美光,Database of DDR5 sodimm with secure pmic,"Hi all, I am looking for some crowd source that gives details of SODIMM modules ddr5. i have a 7945hx mini PC that drove me nuts to just increase voltage by 0.1 I know about heating etc. but I died looking online just to know which Manufacturers leave pmic (unsecure) like kingston hyperx fury 5600. I will start with mine for example Transcend 16 GB Sodimm 5600 is spectek (bad micron?) and Locked no way to change any voltage. meanwhile, I have a single 16 GB kingston with no over 1.1v xmp , yet PMIC unlocked, with a click I ran it at 1.3v to test. I hope someone have access to a Google sheet or so.",reddit/r/GamingLaptops,quirksilver1,1,https://www.reddit.com/r/GamingLaptops/comments/1scyfn2/database_of_ddr5_sodimm_with_secure_pmic/,2026-04-05T08:35:15+00:00,2026-04-06T08:41:19.782001+00:00
social,Micron OR 美光,[WTB] DDR4 / DDR5 RAM (Desktop & Server) [USA-NY],"Looking to buy RAM: • DDR4 / DDR5 • Desktop (UDIMM) & Server (ECC RDIMM / LRDIMM) • 16GB / 32GB / 64GB+ • 2666 / 3200 / 4800 / 5600 MHz Prefer Samsung / Hynix / Micron, but open to others. Bulk deals preferred. Local meetup in NY or shipping is fine. Payment via PayPal G&S / cash. Please comment before PM. Send specs + quantity.",reddit/r/pcpartsales,Impossible_Cream7793,3,https://www.reddit.com/r/pcpartsales/comments/1scv9ag/wtb_ddr4_ddr5_ram_desktop_server_usany/,2026-04-05T05:25:11+00:00,2026-04-06T08:41:19.782022+00:00
social,Micron OR 美光,Lotusland rooted stump - $44 🛸'd,"cash app, Venmo, PayPal f&f accepted ✌🏼🌵",reddit/r/sanpedrocactusforsale,opacussecret,10,https://www.reddit.com/r/sanpedrocactusforsale/comments/1scuyju/lotusland_rooted_stump_44_d/,2026-04-05T05:08:30+00:00,2026-04-06T08:41:19.782032+00:00
social,Micron OR 美光,Glacier White Kelly – Crocodile touch. Fully customizable.,"* Style: Kelly (Birkin also available) * Color: Glacier White / Beton / any custom color * Leather: Togo / Swift body + Crocodile (Porosus / Alligator) flap & handles * Size: 25 / 28 / 32 / 35 / 40 / custom * Hardware: Gold or palladium (5–8 microns, 30–60x thicker than authentic) **Made to order. One bag at a time.** 📩 DM to create yours.",reddit/r/ChinaRepWatch,Hanswins,1,https://www.reddit.com/r/ChinaRepWatch/comments/1scup49/glacier_white_kelly_crocodile_touch_fully/,2026-04-05T04:54:59+00:00,2026-04-06T08:41:19.782047+00:00
social,Micron OR 美光,Ostrich leather. Orange. Fully customizable.,"* **Style:** Birkin / Kelly / any model * **Size:** 25 / 30 / 35 / 40 / custom * **Leather:** Ostrich (any color) – smooth, soft, with distinctive quill marks * **Hardware:** Gold or palladium (5–8 microns, 30–60x thicker than authentic) * **Craftsmanship:** 100% hand-stitched. Retired original craftsmen. **Made to order. One bag at a time.** 📩 DM to create yours.",reddit/r/ChinaRepWatch,Hanswins,1,https://www.reddit.com/r/ChinaRepWatch/comments/1scuooh/ostrich_leather_orange_fully_customizable/,2026-04-05T04:54:21+00:00,2026-04-06T08:41:19.782065+00:00
social,Micron OR 美光,Black Kelly. Any size. Any leather. Any color.,"* Porosus / Alligator / Togo / Epsom / Swift * 25 / 28 / 32 / 35 / 40 / custom * Gold or palladium hardware (5–8 microns, 30–60x thicker than authentic) * 100% hand-stitched. Retired original craftsmen. **Made to order. One bag at a time.** 📩 DM to create yours.",reddit/r/ChinaRepWatch,Hanswins,2,https://www.reddit.com/r/ChinaRepWatch/comments/1scu2le/black_kelly_any_size_any_leather_any_color/,2026-04-05T04:21:29+00:00,2026-04-06T08:41:19.782080+00:00
social,Micron OR 美光,Fountain pen lining with micron hatching,I wish I can have a fountain pen that can hatch as thin as these microns 😭,reddit/r/urbansketchers,Balance_Motivations,47,https://www.reddit.com/r/urbansketchers/comments/1sctc6t/fountain_pen_lining_with_micron_hatching/,2026-04-05T03:43:55+00:00,2026-04-06T08:41:19.782090+00:00
social,Micron OR 美光,Are Medroxyprogesterone Acetate pills taken rectally more effective than taken orally the same way that our taking Bioidentical Micronized Progesterone capsules rectally is more effective than orally.,I have a year's worth of Medroxyprogesterone Acetate pills left over from before I started taking Bioidentical Micronized Progesterone capsules rectally. I know the bioidentical is superior but I really don't want to waste them so I'm definitely going to work them into my daily regiment but was just wondering if rectally is better than orally or does MP need to be metabolized by the liver to be effective?,reddit/r/u_ChristineisLola,ChristineisLola,1,https://www.reddit.com/r/u_ChristineisLola/comments/1scslut/are_medroxyprogesterone_acetate_pills_taken/,2026-04-05T03:06:46+00:00,2026-04-06T08:41:19.782106+00:00
social,Micron OR 美光,"10 Micron GM2000 HPS II Combi: €17,850.00 → €14,650.00 at Astroshop.eu",,reddit/r/astroprices,astroprices,1,https://www.reddit.com/r/astroprices/comments/1scshva/10_micron_gm2000_hps_ii_combi_1785000_1465000_at/,2026-04-05T03:01:24+00:00,2026-04-06T08:41:19.782116+00:00
social,Micron OR 美光,"10 Micron GM3000 HPS: €21,700.00 → €19,700.00 at Astroshop.eu",,reddit/r/astroprices,astroprices,1,https://www.reddit.com/r/astroprices/comments/1scshkx/10_micron_gm3000_hps_2170000_1970000_at/,2026-04-05T03:01:03+00:00,2026-04-06T08:41:19.782124+00:00
social,Micron OR 美光,"[FS][US-NV] Various DDR4 ECC RDIMM/LRDIMM - 8GB/16GB - Samsung, SK Hynix, Micron/Crucial","All pulled from working, retired servers. Prices include shipping with USPS with signature confirmation and insurance. [Pictures and video timestamp](https://imgur.com/a/tNpXBDI) |Brand|Capacity|Model|Speed|Count|Price per| |:-|:-|:-|:-|:-|:-| |Micron/Crucial RDIMM|8GB|CT8G4RFS8266|DDR4-2666|96|$22| |Samsung (Cisco) RDIMM|16GB|M393A2K40BB1|DDR4-2400|31|$52| |SK Hynix (Cisco) RDIMM|16GB|HMA82GR7AFR4N|DDR4-2400|4|$52| |Micron (Cisco) RDIMM|16GB|MTA18ASF2G72PZ|DDR4-2400|2|$52| |Samsung (Cisco) RDIMM|16GB|M393A2K4xCB1|DDR4-2400|35|$52| |~~Micron/Crucial RDIMM~~ **Sold**|~~16GB~~|~~CT16G4RFD8266~~|~~DDR4-2666~~|~~16~~|~~$55~~| |SK Hynix RDIMM|16GB|HMA82GR7AFR8N|DDR4-2666|32|$55| |Micron (Supermicro) LRDIMM|16GB|MTA18ADF2G72PZ|DDR4-2400|7|$52| Items in rows 2, 3, 4 are compatible with each other and so are 6 and 7, so you could mix & match. Either way, it's your responsibility to know compatibility with your devices. Minimum order is 2 sticks, except for the LRDIMM I have in odd number. I wi",reddit/r/homelabsales,Puzzleheaded-Radio27,6,https://www.reddit.com/r/homelabsales/comments/1scqqx6/fsusnv_various_ddr4_ecc_rdimmlrdimm_8gb16gb/,2026-04-05T01:34:34+00:00,2026-04-06T08:41:19.782147+00:00
social,Micron OR 美光,SK Hynix & Samsung Impact On The Memory Market Using High-NA EUV lithography,"Would love to hear your thoughts about how these new machines could help benefit their individual companies, and how this will play out for Microns in the future once these machines are up in full production. Micron seems to be taking a more cautious approach. Isn't Nvidia going to work with the company that has the latest and greatest HBM memory? I'm not the best with the stuff so go easy on me. (MU is a large position in my portfolio)",reddit/r/MU_Stock,playstationjeans,7,https://www.reddit.com/r/MU_Stock/comments/1scohau/sk_hynix_samsung_impact_on_the_memory_market/,2026-04-04T23:47:36+00:00,2026-04-06T08:41:19.782163+00:00
social,Micron OR 美光,Destiny Cosmology Updated,"Here is what I feel is the most up-to-date cosmology of natural and articial timelines/universes/ realms/planes/dimensions along with their sizes, contents and functions. # Main Universe # The Universe The universe of Destiny is much like our real universe, it is roughly [13.4 billion years old and it's stars are what made life possible to flourish](https://www.ishtar-collective.net/entries/starfire-protocol?highlight=13.4) (*at least for humans*) and expands as well. However, in this series there are things that are revealed that would expand real world understandings and clarify speculations. While described as an [infinite universe](https://www.ishtar-collective.net/entries/entry-viii?highlight=universe+infinite), it is also infinite in both [time](https://www.ishtar-collective.net/entries/atelic?highlight=time+infinity) and [space](https://www.ishtar-collective.net/entries/katabasis?highlight=spatially+infinite). There are a [countably infinite number of stars](https://www.ishtar-c",reddit/r/DestinyLore,ABCmanson,97,https://www.reddit.com/r/DestinyLore/comments/1sco9uh/destiny_cosmology_updated/,2026-04-04T23:38:05+00:00,2026-04-06T08:41:19.782614+00:00
social,Micron OR 美光,👋 Welcome to r/backard - Introduce Yourself or your nation,"Hey everyone! I'm u/nationofbackard, a founding moderator of r/backard. This is the home for all things related to citizenship or discussion of current micronations We're excited to have you join us! **What to Post** Post anything that you think the community would find interesting, helpful, or inspiring. Feel free to share your thoughts, photos, or questions **How to Get Started** 1. Introduce yourself or nation in the comments below or even apply to become a citizen of this great nation. 2. Post something today! Even a simple question can spark a great conversation. 3. If you know someone who would love this community, invite them to join. 4. Interested in helping out? We're always looking for new moderators, so feel free to reach out to me to apply. Thanks for being part of the very first wave. r/backard",reddit/r/backard,nationofbackard,1,https://www.reddit.com/r/backard/comments/1sco7nj/welcome_to_rbackard_introduce_yourself_or_your/,2026-04-04T23:35:17+00:00,2026-04-06T08:41:19.782637+00:00
social,Micron OR 美光,[FS] [US-TX] - 112x 16GB DDR4 ECC RDIMM + NVIDIA A100 40GB,Hi all! Looking to downsize the homelab and have a bunch of old 16GB DDR4 modules for sale. Also have a pair of NVIDIA A100 40GB cards I briefly used for model training. All components were working as of last week before the annual homelab teardown – happy to run benchmarks on the GPUs if necessary. |Manufacturer|Model|Quantity|Price (each)| |:-|:-|:-|:-| |SK Hynix|16GB 2Rx8 PC4-3200AA-RE2-12|92|$75| |Micron|16GB 2Rx8 PC4-3200AA-RE2-12|20|$75| |Nvidia|A100 40GB (900-21001-0000-000)|2|$5000| Timestamp (Images/Video): [https://imgur.com/a/DvPENSE](https://imgur.com/a/DvPENSE) Payment through PayPal G&S. Would prefer to sell modules as a group; happy to entertain offers. Thanks!,reddit/r/homelabsales,Ergonomically_viable,1,https://www.reddit.com/r/homelabsales/comments/1scnu6l/fs_ustx_112x_16gb_ddr4_ecc_rdimm_nvidia_a100_40gb/,2026-04-04T23:18:17+00:00,2026-04-06T08:41:19.782658+00:00
social,Micron OR 美光,Testing Over 100 Different Rolling Papers - Rizla: Part 1,"In my quest to find the best rolling papers, I’m looking at perhaps the most famous rolling paper company: Rizla I have all the different king-size slim papers that they make and in part one we focus on the Blues, Silvers, Microns, and Precisions I weigh them up, test the pH, and see how long they take to burn (among other experiments), as well as going through a bit of the ""history"" of the company Any constructive feedback on the tests or the video itself is welcomed",reddit/r/GetMoreViewsYT,UH_420,1,https://www.reddit.com/r/GetMoreViewsYT/comments/1scnkej/testing_over_100_different_rolling_papers_rizla/,2026-04-04T23:06:29+00:00,2026-04-06T08:41:19.782675+00:00
social,Micron OR 美光,Testing Over 100 Different Rolling Papers - Rizla: Part 1,"In my quest to find the best rolling papers, I’m looking at perhaps the most famous rolling paper company: Rizla I have all the different king-size slim papers that they make and in part one we focus on the Blues, Silvers, Microns, and Precisions I weigh them up, test the pH, and see how long they take to burn (among other experiments), as well as going through a bit of the ""history"" of the company Any constructive feedback on the tests or the video itself is welcomed",reddit/r/advertiseyoutube,UH_420,1,https://www.reddit.com/r/advertiseyoutube/comments/1scnjt4/testing_over_100_different_rolling_papers_rizla/,2026-04-04T23:05:45+00:00,2026-04-06T08:41:19.782690+00:00
social,Micron OR 美光,Testing Over 100 Different Rolling Papers - Rizla: Part 1,"In my quest to find the best rolling papers, I’m looking at perhaps the most famous rolling paper company: Rizla I have all the different king-size slim papers that they make and in part one we focus on the Blues, Silvers, Microns, and Precisions I weigh them up, test the pH, and see how long they take to burn (among other experiments), as well as going through a bit of the ""history"" of the company Any constructive feedback on the tests or the video itself is welcomed",reddit/r/AdvertiseYourVideos,UH_420,1,https://www.reddit.com/r/AdvertiseYourVideos/comments/1scnjfa/testing_over_100_different_rolling_papers_rizla/,2026-04-04T23:05:16+00:00,2026-04-06T08:41:19.782704+00:00
social,Micron OR 美光,Testing Over 100 Different Rolling Papers - Rizla: Part 1,"In my quest to find the best rolling papers, I’m looking at perhaps the most famous rolling paper company: Rizla I have all the different king-size slim papers that they make and in part one we focus on the Blues, Silvers, Microns, and Precisions I weigh them up, test the pH, and see how long they take to burn (among other experiments), as well as going through a bit of the ""history"" of the company Any constructive feedback on the tests or the video itself is welcomed",reddit/r/Youtubeviews,UH_420,2,https://www.reddit.com/r/Youtubeviews/comments/1scnh5b/testing_over_100_different_rolling_papers_rizla/,2026-04-04T23:02:27+00:00,2026-04-06T08:41:19.782718+00:00
social,Micron OR 美光,Testing Over 100 Different Rolling Papers - Rizla: Part 1,"In my quest to find the best rolling papers, I’m looking at perhaps the most famous rolling paper company: Rizla I have all the different king-size slim papers that they make and in part one we focus on the Blues, Silvers, Microns, and Precisions I weigh them up, test the pH, and see how long they take to burn (among other experiments), as well as going through a bit of the ""history"" of the company Any constructive feedback on the tests or the video itself is welcomed",reddit/r/YoutubeVideos,UH_420,1,https://www.reddit.com/r/YoutubeVideos/comments/1scngoc/testing_over_100_different_rolling_papers_rizla/,2026-04-04T23:01:52+00:00,2026-04-06T08:41:19.782734+00:00
social,Micron OR 美光,Testing Over 100 Different Rolling Papers - Rizla: Part 1,"In my quest to find the best rolling papers, I’m looking at perhaps the most famous rolling paper company: Rizla I have all the different king-size slim papers that they make and in part one we focus on the Blues, Silvers, Microns, and Precisions I weigh them up, test the pH, and see how long they take to burn (among other experiments), as well as going through a bit of the ""history"" of the company Any constructive feedback on the tests or the video itself is welcomed",reddit/r/youtubepromotion,UH_420,1,https://www.reddit.com/r/youtubepromotion/comments/1scng71/testing_over_100_different_rolling_papers_rizla/,2026-04-04T23:01:19+00:00,2026-04-06T08:41:19.782748+00:00
social,Micron OR 美光,Testing Over 100 Different Rolling Papers - Rizla: Part 1,"In my quest to find the best rolling papers, I’m looking at perhaps the most famous rolling paper company: Rizla I have all the different king-size slim papers that they make and in part one we focus on the Blues, Silvers, Microns, and Precisions I weigh them up, test the pH, and see how long they take to burn (among other experiments), as well as going through a bit of the ""history"" of the company Any constructive feedback on the tests or the video itself is welcomed",reddit/r/YouTubePromo,UH_420,1,https://www.reddit.com/r/YouTubePromo/comments/1scnfhk/testing_over_100_different_rolling_papers_rizla/,2026-04-04T23:00:34+00:00,2026-04-06T08:41:19.782762+00:00
social,Micron OR 美光,Testing Over 100 Different Rolling Papers - Rizla: Part 1,"In my quest to find the best rolling papers, I’m looking at perhaps the most famous rolling paper company: Rizla I have all the different king-size slim papers that they make and in part one we focus on the Blues, Silvers, Microns, and Precisions I weigh them up, test the pH, and see how long they take to burn (among other experiments), as well as going through a bit of the ""history"" of the company Any constructive feedback on the tests or the video itself is welcomed",reddit/r/YoutubeChannelSharing,UH_420,1,https://www.reddit.com/r/YoutubeChannelSharing/comments/1scneqp/testing_over_100_different_rolling_papers_rizla/,2026-04-04T22:59:44+00:00,2026-04-06T08:41:19.782776+00:00
social,Micron OR 美光,Testing Over 100 Different Rolling Papers - Rizla: Part 1,"In my quest to find the best rolling papers, I’m looking at perhaps the most famous rolling paper company: Rizla I have all the different king-size slim papers that they make and in part one we focus on the Blues, Silvers, Microns, and Precisions I weigh them up, test the pH, and see how long they take to burn (among other experiments), as well as going through a bit of the ""history"" of the company Any constructive feedback on the tests or the video itself is welcomed",reddit/r/youtubestartups,UH_420,1,https://www.reddit.com/r/youtubestartups/comments/1scne8y/testing_over_100_different_rolling_papers_rizla/,2026-04-04T22:59:08+00:00,2026-04-06T08:41:19.782790+00:00
social,Micron OR 美光,Testing Over 100 Different Rolling Papers - Rizla: Part 1,"In my quest to find the best rolling papers, I’m looking at perhaps the most famous rolling paper company: Rizla I have all the different king-size slim papers that they make and in part one we focus on the Blues, Silvers, Microns, and Precisions I weigh them up, test the pH, and see how long they take to burn (among other experiments), as well as going through a bit of the ""history"" of the company Any constructive feedback on the tests or the video itself is welcomed",reddit/r/youtub,UH_420,1,https://www.reddit.com/r/youtub/comments/1scndph/testing_over_100_different_rolling_papers_rizla/,2026-04-04T22:58:25+00:00,2026-04-06T08:41:19.782804+00:00
social,Micron OR 美光,Testing Over 100 Different Rolling Papers - Rizla: Part 1,"In my quest to find the best rolling papers, I’m looking at perhaps the most famous rolling paper company: Rizla I have all the different king-size slim papers that they make and in part one we focus on the Blues, Silvers, Microns, and Precisions I weigh them up, test the pH, and see how long they take to burn (among other experiments), as well as going through a bit of the ""history"" of the company Any constructive feedback on the tests or the video itself is welcomed",reddit/r/videopromotionyoutube,UH_420,1,https://www.reddit.com/r/videopromotionyoutube/comments/1scnd99/testing_over_100_different_rolling_papers_rizla/,2026-04-04T22:57:50+00:00,2026-04-06T08:41:19.782818+00:00
social,Micron OR 美光,Testing Over 100 Different Rolling Papers - Rizla: Part 1,"In my quest to find the best rolling papers, I’m looking at perhaps the most famous rolling paper company: Rizla I have all the different king-size slim papers that they make and in part one we focus on the Blues, Silvers, Microns, and Precisions I weigh them up, test the pH, and see how long they take to burn (among other experiments), as well as going through a bit of the ""history"" of the company Any constructive feedback on the tests or the video itself is welcomed",reddit/r/SubscribeToMe,UH_420,1,https://www.reddit.com/r/SubscribeToMe/comments/1scncsh/testing_over_100_different_rolling_papers_rizla/,2026-04-04T22:57:14+00:00,2026-04-06T08:41:19.782832+00:00
social,Micron OR 美光,Testing Over 100 Different Rolling Papers - Rizla: Part 1,"In my quest to find the best rolling papers, I’m looking at perhaps the most famous rolling paper company: Rizla I have all the different king-size slim papers that they make and in part one we focus on the Blues, Silvers, Microns, and Precisions I weigh them up, test the pH, and see how long they take to burn (among other experiments), as well as going through a bit of the ""history"" of the company Any constructive feedback on the tests or the video itself is welcomed",reddit/r/ShareyourYTChannel,UH_420,1,https://www.reddit.com/r/ShareyourYTChannel/comments/1scnceg/testing_over_100_different_rolling_papers_rizla/,2026-04-04T22:56:45+00:00,2026-04-06T08:41:19.782848+00:00
social,Micron OR 美光,Testing Over 100 Different Rolling Papers - Rizla: Part 1,"In my quest to find the best rolling papers, I’m looking at perhaps the most famous rolling paper company: Rizla I have all the different king-size slim papers that they make and in part one we focus on the Blues, Silvers, Microns, and Precisions I weigh them up, test the pH, and see how long they take to burn (among other experiments), as well as going through a bit of the ""history"" of the company Any constructive feedback on the tests or the video itself is welcomed",reddit/r/SelfPromotionYouTube,UH_420,1,https://www.reddit.com/r/SelfPromotionYouTube/comments/1scnbwu/testing_over_100_different_rolling_papers_rizla/,2026-04-04T22:56:07+00:00,2026-04-06T08:41:19.782862+00:00
social,Micron OR 美光,Testing Over 100 Different Rolling Papers - Rizla: Part 1,"In my quest to find the best rolling papers, I’m looking at perhaps the most famous rolling paper company: Rizla I have all the different king-size slim papers that they make and in part one we focus on the Blues, Silvers, Microns, and Precisions I weigh them up, test the pH, and see how long they take to burn (among other experiments), as well as going through a bit of the ""history"" of the company Any constructive feedback on the tests or the video itself is welcomed",reddit/r/AdvertiseYourVideos,UH_420,1,https://www.reddit.com/r/AdvertiseYourVideos/comments/1scn7n4/testing_over_100_different_rolling_papers_rizla/,2026-04-04T22:50:54+00:00,2026-04-06T08:41:19.782876+00:00
social,Micron OR 美光,Testing Over 100 Different Rolling Papers - Rizla: Part 1,"In my quest to find the best rolling papers, I’m looking at perhaps the most famous rolling paper company: Rizla I have all the different king-size slim papers that they make and in part one we focus on the Blues, Silvers, Microns, and Precisions I weigh them up, test the pH, and see how long they take to burn (among other experiments), as well as going through a bit of the ""history"" of the company Any constructive feedback on the tests or the video itself is welcomed",reddit/r/youtubegrowth,UH_420,1,https://www.reddit.com/r/youtubegrowth/comments/1scn75c/testing_over_100_different_rolling_papers_rizla/,2026-04-04T22:50:17+00:00,2026-04-06T08:41:19.782890+00:00
social,Micron OR 美光,Testing Over 100 Different Rolling Papers - Rizla: Part 1,"In my quest to find the best rolling papers, I’m looking at perhaps the most famous rolling paper company: Rizla I have all the different king-size slim papers that they make and in part one we focus on the Blues, Silvers, Microns, and Precisions I weigh them up, test the pH, and see how long they take to burn (among other experiments), as well as going through a bit of the ""history"" of the company Any constructive feedback on the tests or the video itself is welcomed",reddit/r/Youtubeviews,UH_420,2,https://www.reddit.com/r/Youtubeviews/comments/1scn6ku/testing_over_100_different_rolling_papers_rizla/,2026-04-04T22:49:36+00:00,2026-04-06T08:41:19.782904+00:00
social,Micron OR 美光,"What ""streaming box"" should I get to watch 4:3 content on my 13' ?",I did some research and found out that it's possible to output 4:3 with a Roku or an Apple TV. What would you guys recommend? I already have an HDMI to RCA adapter. I won't go the pi or PC route.,reddit/r/crt,Michdepainblanc2,17,https://www.reddit.com/r/crt/comments/1scn5h2/what_streaming_box_should_i_get_to_watch_43/,2026-04-04T22:48:18+00:00,2026-04-06T08:41:19.782917+00:00
social,Micron OR 美光,Testing Over 100 Different Rolling Papers - Rizla: Part 1,"In my quest to find the best rolling papers, I’m looking at perhaps the most famous rolling paper company: Rizla I have all the different king-size slim papers that they make and in part one we focus on the Blues, Silvers, Microns, and Precisions I weigh them up, test the pH, and see how long they take to burn (among other experiments), as well as going through a bit of the ""history"" of the company Any constructive feedback on the tests or the video itself is welcome",reddit/r/RYO,UH_420,1,https://www.reddit.com/r/RYO/comments/1scn3d2/testing_over_100_different_rolling_papers_rizla/,2026-04-04T22:45:40+00:00,2026-04-06T08:41:19.782931+00:00
social,Micron OR 美光,[USA-TX] [H] DDR4 Laptop and desktop RAM / DDR5 laptop ram stick [W] Paypal,https://postimg.cc/gallery/wHHRbYS Tested and functional RAM sticks. sticks will be shipped out within 1-2 business days. please comment first. I will send an invoice via PayPal goods and services. Speeds and size varies per stick. Please see itemized description below for what is available for sale. Prices are shipped. USA only. Desktop Memory Options \_\_\_\_\_\_\_\_\_\_\_\_\_\_\_\_\_\_\_ Skhynix 8GB DDR4 3200mhz - $30 Crucial 32GB DDR4 3200mhz -$120 Crucial 32GB DDR4 3200mhz - $120 kingston 8GB DDR4 2600mhz - $30 Laptop Memory Modules \_\_\_\_\_\_\_\_\_\_\_\_\_\_\_\_\_\_\_ Micron 8GB DDR4 3200mhz - $30 Samsung 16GB DDR4 3200mhz - $65 Crucial 16GB DDR4 3200mhz - $65 kingston 16GB DDR4 2666mhz - $60 SOLD Crucial DDR5 16GB 5600mhz - $110 -$OLD,reddit/r/hardwareswap,Intrepid-Jedi69,1,https://www.reddit.com/r/hardwareswap/comments/1scm7fu/usatx_h_ddr4_laptop_and_desktop_ram_ddr5_laptop/,2026-04-04T22:06:57+00:00,2026-04-06T08:41:19.782951+00:00
social,Micron OR 美光,Hand-drawn ink FF7 themed Ultima Weapon x Excalibur,"Here’s my take on FF7’s Ultima Weapon. Ink microns on a stripped foil Excalibur. I actually started this one a while ago, I wanted Excalibur in my FF7 themed cloud deck but I also wanted every card in universe so I figured I’d do this one for myself. It was one of the first non token cards I stripped, which you can probably tell as I butchered the title a bit :/ I inked the sword a couple of weeks ago referenced loosely from Erick Gonzalez’s digital models on artstation. But it’s been sitting unfinished for all this time without a background. I kinda ended up doing that thing where you just doodle patterns without thinking to see where it goes. Was it a good idea? Not sure.. but at least it’s finished now 😝",reddit/r/mtgaltered,hollyskel,85,https://www.reddit.com/r/mtgaltered/comments/1sclkie/handdrawn_ink_ff7_themed_ultima_weapon_x_excalibur/,2026-04-04T21:40:04+00:00,2026-04-06T08:41:19.782976+00:00
social,Micron OR 美光,[FS] [USA-MA] 12x Dell OptiPlex 3060 SFF i5-8500 8GB DDR4 NO STORAGE - Local Cash Only,"[https://imgur.com/a/SbSd7Eu](https://imgur.com/a/SbSd7Eu) LOCAL CASH ONLY. Eastern MA between I-95 & I-495. I am mobile certain weekdays and can meet after 6PM within the area shown at my image link. Send a PM if you are close enough and maybe we can make it work. Hi All Selling a batch of decommissioned office PCs. Would love for these to go to a small business, refurbisher, or anyone who can put them to good use. These are all same spec, intel 8th Gen i5 with 8GB of RAM. Win11 Compatible with TPM 2.0. All originally came with windows 10 Pro and should activate. All Systems have been tested to POST. Bios screenshot for every system included in images. NO storage included - These can have mounting for a M.2 2230/2280 NVME SSD and/or 3.5in sata drive. M.2 Screw and 3.5in HDD Bracket is included with every system. There are **12 units** up for sale. **I am selling these bulk w/ minimum purchase of 3, no single unit purchases.** Local meet-up in public place w/ cash payment. **Buy 3 for ",reddit/r/homelabsales,camjo99,3,https://www.reddit.com/r/homelabsales/comments/1sckqtd/fs_usama_12x_dell_optiplex_3060_sff_i58500_8gb/,2026-04-04T21:06:22+00:00,2026-04-06T08:41:19.783007+00:00
social,Micron OR 美光,"RAM prices went insane because of AI, so I built a price tracker to find the cheapest kits","If you've priced out DDR5 recently, you've probably noticed it's not getting cheaper the way it should. The reason is that Samsung, SK Hynix, and Micron shifted massive amounts of DRAM production capacity toward HBM (the memory that goes into AI accelerators like the H100/H200). Consumer DDR4 and DDR5 are getting squeezed as a side effect, and prices have been creeping up or staying flat when they should be dropping. I got frustrated enough to build [SuperCheapRAM](https://supercheapram.com/) \- it pulls prices daily from eBay and Newegg for about 100 DDR4 and DDR5 kits and shows you the lowest price per SKU. No accounts, no ads, just a sortable table, but insanely fast. You can filter by DDR generation, speed, capacity, brand, whatever. The backend is just GitHub Actions running price scrapers on a schedule, rebuilding a static Astro site on Cloudflare Pages. Whole thing costs $0/month to run. I'm using it myself to watch DDR5-6000 CL30 prices for an upgrade I keep putting off. If you",reddit/r/SideProject,blacktarmac,1,https://www.reddit.com/r/SideProject/comments/1sck07g/ram_prices_went_insane_because_of_ai_so_i_built_a/,2026-04-04T20:36:53+00:00,2026-04-06T08:41:19.783037+00:00
social,Micron OR 美光,"TIL Shatoosh, meaning wool king in Persian, is the wool from a Tibetan antelope, with the average fiber diameter of a down hair being 11.45 microns compared with cashmere 13-15 microns. it is known as the finest of all animal hairs. The production, sale, and acquisition of it is illegal.",,reddit/r/todayilearned,BusinessAlive3486,3007,https://www.reddit.com/r/todayilearned/comments/1scizr8/til_shatoosh_meaning_wool_king_in_persian_is_the/,2026-04-04T19:56:22+00:00,2026-04-06T08:41:19.783049+00:00
social,Micron OR 美光,Introducing the Kingdom of Kimesia,"The Kingdom of Kimesia, founded on April 4th, 2026, is a micronation that claims to be the Coptic successor to the Kingdom of Egypt (1922-1953). It's founder and current head of state is George Saleh (who left NXI and regretted his actions). Nation Profile: Official State Name: Kingdom of Kimesia Native Name (Coptic): Ⲕⲓⲙⲏⲥⲓⲁ Capital: Eramion (Ⲉⲣⲁⲙⲓⲟⲛ) Largest City: Eramion (Ⲉⲣⲁⲙⲓⲟⲛ) Official Language: Coptic (liturgical and modernized) Secondary Language: Egyptian Arabic/English Government Type: Absolute monarchy under a one-party theocratic state Currency: Kimesian Kiro (subunit is Sebaḥ) Flag: [Black stands for the fertile soil of Egypt, white for the purity of the Christians, yellow for the glory and victory. The center is the Coat of Arms of Kimesia.](https://preview.redd.it/tw03f9j958tg1.png?width=1440&format=png&auto=webp&s=8d7fdb9abc788e4c30e330ba2768bacefaf65be1) Citizens: 4 National Motto: For Faith and Nation (ϩⲓⲕⲱⲙⲉ ⲛⲧⲉ ⲡⲓⲉⲛⲧⲱⲕ ϩⲁ ⲡⲓⲛⲟⲩⲥ) The Kingdom of Kimesia will be deve",reddit/r/micronations,Kimesia_Gov,0,https://www.reddit.com/r/micronations/comments/1sci8zy/introducing_the_kingdom_of_kimesia/,2026-04-04T19:26:40+00:00,2026-04-06T08:41:19.783074+00:00
social,Micron OR 美光,[新聞] 美光強彈近5% 記憶體投資行情回來了？,原文標題： 美光強彈近5% 記憶體投資行情回來了？ 原文連結： https://news.cnyes.com/news/id/6403530 發布時間： 2026-04-01 06:00 記者署名： 鉅亨網編譯陳又嘉 原文內容： 《MarketWatch》報導，美光科技 (Micron Technology)(MU-US) 股價周二 (3 月 31 日 ) 反彈走高近 5%，在經歷一段艱難時期後，為記憶體晶片投資人帶來些許喘息空間。 但記憶體投資行情是否真的回歸，仍有待觀察。儘管美光股價上漲約 5%，周二整體股市 普遍反彈，主要因市場期待伊朗戰事可能接近尾聲。 美光股價自不到兩周前的收盤高點已下跌 27.5%。SanDisk(SNDK-US) 股價在計入周二超 過 9% 的漲幅後，仍較近期歷史高點下跌 18.8%。 投資人對美光感到不安的原因包括：公司上調本會計年度資本支出預測，並表示隨著加大 對動態隨機存取記憶體 (DRAM) 與 NAND 的投資，下個會計年度的資本支出可能「大幅增 加」。 美光與其他記憶體晶片製造商近期受惠於 AI 帶動的供應吃緊，得以提高價格。由於產業 具周期性，晶片公司過去對擴產態度保守，但如今正著手擴大無塵室空間以應對短缺。本 月稍早，美光宣布已完成在台灣新增製造空間的收購，用於 DRAM 產品，包括高頻寬記憶 體 (HBM)。 儘管據報導 DRAM 現貨價格已有回落，花旗分析師 Atif Malik 因此將美光目標價由 510 美元下調至 425 美元，但表示，「美光及其記憶體同業已開始與超大規模雲端業者 (hyperscalers) 協商 3 至 5 年的策略性或長期合約，以鎖定基本採購量、預付款，並 依市場狀況調整季度價格，我們認為這將支撐合約價格。」 記憶體投資人近期對未來價格前景普遍感到不安，原因之一是 Alphabet(GOOGL-US) 旗 下 Google 推出 TurboQuant 壓縮演算法，聲稱可在不影響效能情況下提升 AI 模型的記 憶體使用效率。部分市場人士認為此舉對美光及其他記憶體廠不利，但也有人認為運算效 率提升反而會推升整體記憶體需求。 研究機構 Radio Free Mobile 創辦人 Richard Windsor 指出，TurboQuant 消息導致美 光、SK 海力士及三星電子股價下跌，「反應過度,ptt/Stock,,,https://www.ptt.cc/bbs/Stock/M.1775051042.A.A43.html,2026-04-01T21:44:00+00:00,2026-04-06T08:41:20.899102+00:00
social,Micron OR 美光,[新聞] 美光盤前再度回落：花旗集團大幅下調目,"原文標題： 美光盤前再度回落：花旗集團大幅下調目標價，鏈上最大多倉距清算2.2% 原文連結： https://news.cnyes.com/news/id/6403111 發布時間： 2026-03-31 19:31 記者署名： BlockBeats 律動財經 原文內容： BlockBeats 消息，3 月 31 日，據 Hyperinsight 監測顯示，花旗以 DDR5 DRAM 現貨價 格近期明顯走軟為由，將美光目標價大幅下調 17%，從 510 美元下調至 425 美元，但維 持買入評級及全部盈利預測不變。美光科技股價盤前交易下跌 1.5%，Hyperliquid 上 MU 合約日內跌幅擴大至 12.5%，暫報 317 美元。 Hyperliquid 上 MU 最大多頭「Continue Capital 關聯地址」浮虧擴大至 125 萬美元， 回報率約-320%，持倉規模達 547 萬美元，均價 390 美元，清算價 310.2 美元，距清 算 2.2%，暫未止損。 心得/評論： 美股開盤前大幅下調目標價 難怪MU開盤被倒貨 相信美光 今晚大反彈 救救記憶卡蛙 -- ※ 發信站: 批踢踢實業坊(ptt.cc), 來自: 61.228.197.195 (臺灣) ※ 文章網址: https://www.ptt.cc/bbs/Stock/M.1774965058.A.353.html",ptt/Stock,,,https://www.ptt.cc/bbs/Stock/M.1774965058.A.353.html,2026-03-31T21:50:55+00:00,2026-04-06T08:41:21.401622+00:00
social,Micron OR 美光,[新聞] 記憶體巨頭美光暴跌近10% 跌破「劉董」,"記憶體巨頭美光暴跌近10% 跌破「劉董」劉德音防線 https://tinyurl.com/mfysp8e9 王詩婷｜Yahoo財經特派記者 2026年3月31日 週二 上午10:52 記憶體大廠美光延續財報公布後的拋售潮，單日股價重挫9.88%，收在321.8美元；自3月18 日公布財報以來，股價已跌掉30%。值得留意的是，美光不僅回吐先前漲幅，甚至還跌破前 台積電董事長劉德音今年初進場的337美元成本價。 劉德音於2024年6月自台積電董事長職務退休後，去年受到美光延攬擔任董事。根據美國證 券交易委員會（SEC）揭露的內部人交易申報資料顯示，劉德音在今年1 月 13 日至 14 日 期間買入美光2萬3,200股股票，均價為337美元、總金額約782萬美元。交易完成後，劉德音 持有的美光股票增加到2萬5910股。 劉德音大舉加碼美光股票，信心顯示他也相當看好記憶體前景，這也激勵市場對記憶體後市 信心，而均價337美元則被市場認為是「劉德音防守價」。 美光2025年累計漲幅高達239.1%，遠超過同期標普 500 指數 (16.4%) 與那斯達克指數 (20 .4%) 的表現。然而，美光自今年3月18日財報公布後，股價持續呈現疲軟；雖然其受惠於市 場對人工智慧 (AI) 晶片的強勁需求，第二季財報表現強勁，但鉅額資本支出引發市場憂慮 。 美光30日股價重挫9.88%，收在321.8美元；近8個交易日以來，股價下跌30%，市值也從先前 5,196.4億美元高點，大幅縮水至3629億美元。 心得 記憶體現價下殺 是不是在暗示未來合約價漲幅的幅度 可能不如預期 連劉德音也去當記憶體蛙 台積電風向球也摸不清記憶體市場 -- ※ 發信站: 批踢踢實業坊(ptt.cc), 來自: 49.216.132.181 (臺灣) ※ 文章網址: https://www.ptt.cc/bbs/Stock/M.1774930757.A.1B9.html ※ 編輯: f12sd2e2aa (49.216.132.181 臺灣), 03/31/2026 12:24:52",ptt/Stock,,,https://www.ptt.cc/bbs/Stock/M.1774930757.A.1B9.html,2026-03-31T12:19:15+00:00,2026-04-06T08:41:21.748890+00:00
social,Micron OR 美光,[新聞] 美光止跌回升 美銀分析師：Google演算法,"原文標題： 美光止跌回升 美銀分析師：Google演算法衝擊屬「虛驚一場」 原文連結： https://reurl.cc/0mXb9x 發布時間： 2026-03-28 14:46 記者署名： 鉅亨網編譯余曉惠 原文內容： 美光 (MU-US) 股價周五 (27 日) 中止連續六個交易日的跌勢，美銀 (BofA) 分析師將近 期市場對 Google 新技術對記憶體類股造成的恐慌，比作去年冬天的 DeepSeek 事件，認 為最終將證明這只是短暫的波動。 去年冬天，中國人工智慧 (AI) 新創 DeepSeek 聲稱能以遠低於同業的運算資源訓練出精 密模型，引爆晶片股賣壓，市場憂心硬體需求將大幅縮減。 但支持者隨後反駁，更廉價的開發成本將帶動 AI 普及，進而推升晶片總需求，半導體類 股也展開強勁反彈。 美銀分析師 Vivek Arya 周四指出，去年中國 AI 公司的資本支出成長依然強勁，「顯示 效率提升不必然導致總需求下降」。 Google 新演算法引發市場焦慮 華爾街正對 Google(GOOGL-US) 本周發布的 AI 記憶體壓縮技術「TurboQuant」感到不安 。Google 表示，該演算法能大幅減少 AI 記憶體使用量，同時提升效能，這讓部分投資 人認為，可能對受惠於 AI 記憶體需求的美光構成威脅。 然而 Arya 認為，這波「記憶體恐慌」與現實不符。首先，TurboQuant 等壓縮技術並非 新創，Google 過去一年半已發布過類似內容。 更重要的是，Google 母公司 Alphabet 最近才宣布今年資本支出預料將翻倍，Arya 分析 道：「AI 資本支出才是需求最真實的證明，而非效率提升措施。」 他指出，即使記憶體效率提升為原本的六倍，更有可能的是帶動運算精確度或資料處理量 同比例增加，而非總量減少。這符合「傑文斯悖論」(Jevons Paradox)：效率提升將降低 成本，最終反而會帶動產品更大量獲得使用。 美光周五盤中一度上漲 3%，終場漲幅收斂至 0.5%，報每股 357.22 美元。威騰電子 (WDC-US) 一度上漲 4%，終場漲 0.7%。 大摩：HBM 需求並未改變 儘管 TurboQuant 專攻的是「鍵值快取記憶體」(key-value cache, KV cache)，這是一 種讓 AI 模型「記住」處理過的資料以快速",ptt/Stock,,,https://www.ptt.cc/bbs/Stock/M.1774690748.A.24C.html,2026-03-28T17:39:06+00:00,2026-04-06T08:41:22.232614+00:00
social,Micron OR 美光,Re: [新聞] 美光止跌回升 美銀分析師：Google演算法,※ 引述《relax911 (Raindrpos)》之銘言： : 原文標題： : 美光止跌回升 美銀分析師：Google演算法衝擊屬「虛驚一場」 : 原文連結： : https://reurl.cc/0mXb9x : 發布時間： : 2026-03-28 14:46 : 記者署名： : 鉅亨網編譯余曉惠 : 原文內容： : 美光 (MU-US) 股價周五 (27 日) 中止連續六個交易日的跌勢，美銀 (BofA) 分析師將近 : 期市場對 Google 新技術對記憶體類股造成的恐慌，比作去年冬天的 DeepSeek 事件，認 : 為最終將證明這只是短暫的波動。 : 去年冬天，中國人工智慧 (AI) 新創 DeepSeek 聲稱能以遠低於同業的運算資源訓練出精 : 密模型，引爆晶片股賣壓，市場憂心硬體需求將大幅縮減。 : 但支持者隨後反駁，更廉價的開發成本將帶動 AI 普及，進而推升晶片總需求，半導體類 : 股也展開強勁反彈。 : 美銀分析師 Vivek Arya 周四指出，去年中國 AI 公司的資本支出成長依然強勁，「顯示 : 效率提升不必然導致總需求下降」。 : Google 新演算法引發市場焦慮 : 華爾街正對 Google(GOOGL-US) 本周發布的 AI 記憶體壓縮技術「TurboQuant」感到不安 : 。Google 表示，該演算法能大幅減少 AI 記憶體使用量，同時提升效能，這讓部分投資 : 人認為，可能對受惠於 AI 記憶體需求的美光構成威脅。 : 然而 Arya 認為，這波「記憶體恐慌」與現實不符。首先，TurboQuant 等壓縮技術並非 : 新創，Google 過去一年半已發布過類似內容。 : 更重要的是，Google 母公司 Alphabet 最近才宣布今年資本支出預料將翻倍，Arya 分析 : 道：「AI 資本支出才是需求最真實的證明，而非效率提升措施。」 : 他指出，即使記憶體效率提升為原本的六倍，更有可能的是帶動運算精確度或資料處理量 : 同比例增加，而非總量減少。這符合「傑文斯悖論」(Jevons Paradox)：效率提升將降低 : 成本，最終反而會帶動產品更大量獲得使用。 : 美光周五盤中一度上漲 3%，終場漲幅收斂至 0.5%，報每股 357.22 美元。威騰電子 : (WDC-US) 一度上漲 4%，終場漲 0.7%。 :,ptt/Stock,,,https://www.ptt.cc/bbs/Stock/M.1774691994.A.033.html,2026-03-28T17:59:52+00:00,2026-04-06T08:41:22.527474+00:00
social,Micron OR 美光,Re: [標的] MU美光 業績會噴發多,"※ 引述《magic543 (何布)》之銘言： : 記憶體報價跌了 : 我看今天是跌這個 : 我昨天就看到 忘了來這說 : 消費者 理性不買 手上插滿了 : 賣的貴 消費者不是傻瓜 : 囤貨商就慘了 : 然後顯卡和記憶體中國大陸2月銷售額 腰斬 : 簡單來說就是記憶體大漲 : 導致裝機的人變少 : 囤貨商 開始大跌拋售 我們劉董劉德音今年1月的336.337元的劉德音防線近在眼前了 記取歷史教訓的話 2年前3年前的台積電劉德音防線 叫你們各位買的防線 長線放到現在都賺爛了 雖然川普把人巴來巴去 等等開盤進場MU 然後刪app 半年後會開心嗎 ----- Sent from JPTT on my iPhone -- -- ※ 發信站: 批踢踢實業坊(ptt.cc), 來自: 42.72.1.80 (臺灣) ※ 文章網址: https://www.ptt.cc/bbs/Stock/M.1774613553.A.D27.html",ptt/Stock,,,https://www.ptt.cc/bbs/Stock/M.1774613553.A.D27.html,2026-03-27T20:12:24+00:00,2026-04-06T08:41:22.854625+00:00
social,Micron OR 美光,[新聞] 力積電打入美光 HBM 生態系 朱憲國：PWF,原文標題： 力積電打入美光 HBM 生態系 朱憲國：PWF 明年驗證、明年底拚量產 原文連結： https://money.udn.com/money/story/5612/9404414 發布時間： 2026/03/26 12:53:20 記者署名： 經濟日報 記者朱子呈／台北即時報導 原文內容： 台灣美光26日在苗栗銅鑼廠區舉行揭牌典禮，力積電（6770）總經理朱憲國表示，先前將 銅鑼廠出售給美光，是一項三贏決定，除有助力積電調整財務結構，也讓雙方合作進一步 延伸至HBM供應鏈中的PWF業務。隨著力積電切入相關生態系，公司也將Interposer、 Wafer-on-Wafer與PWF整合為先進封裝新事業，定位為3D AI Foundry，目標未來兩到三年 占總營收比重達約兩成。 朱憲國指出，力積電此次並非直接生產HBM，而是承接HBM供應鏈中的PWF服務，成為美光 生態系中的一環。目前公司已開始準備裝機與建構產能，預計2027年第3季進入驗證， 2027年年底至2028年年初量產，屆時可望成為新成長動能。 他表示，相關業務將在新竹進行，因力積電原本已布局Wafer-on-Wafer 3D堆疊技術，與 PWF所需設備有約七成可共用，因此只需增加部分投資即可切入。相較之下，若由OSAT廠 全面新建產能，投資規模將大幅提高。朱憲國並強調，這項合作不是單純外包，而是建立 在銅鑼廠交易基礎上的策略合作。 在整體發展方向上，朱憲國表示，力積電原有邏輯代工與記憶體代工兩大業務，未來先進 封裝將成為第三支腳。公司希望藉由3D AI Foundry 整合AI相關代工服務與元件，提升附 加價值，並與中國大陸低價競爭區隔。 另外，力積電與印度塔塔集團的合作案目前也仍按計畫推進，朱憲國表示，雙方合作關係 良好，現階段沒有太大問題。 心得/評論： 朱憲國指出，力積電此次並非直接生產HBM，而是承接HBM供應鏈中的PWF服務，成為美光 生態系中的一環。目前公司已開始準備裝機與建構產能，預計2027年第3季進入驗證， 2027年年底至2028年年初量產 並且強調這不是賣廠，是建立在銅鑼廠交易基礎上的策略合作 與印度塔塔集團合作案也照計畫推進，目前都在進度上 公司也將Interposer、Wafer-on-Wafer與PWF整合為先進封裝新事業，定位為3D AI Foundry，目標未來占到,ptt/Stock,,,https://www.ptt.cc/bbs/Stock/M.1774576547.A.696.html,2026-03-27T09:55:44+00:00,2026-04-06T08:41:23.170802+00:00
social,Micron OR 美光,[新聞] MU、WDC、SNDK下跌:為何Google的TurboQua,"原文標題： MU、WDC、SNDK下跌:為何Google的TurboQuant令記憶體股震盪 來源： https://myppt.cc/FlidrY 內文： 2026.03.25 Investing.com - 儘管科技板塊整體表現強勁,記憶體股週三仍然下跌。在Google推出Tur boQuant這項可能降低AI系統記憶體需求的新壓縮演算法後,相關股價應聲下挫。 SanDisk Corporation(NASDAQ:SNDK)下跌5.7%,美光科技(NASDAQ:MU)下跌3%,西部數據(NA SDAQ:WDC)下跌4.7%,希捷科技(NASDAQ:STX)下跌4%。這些跌幅出現在納斯達克100指數上 漲之際。 Google推出了TurboQuant,這是一項旨在降低大型語言模型和向量搜尋引擎記憶體消耗的 壓縮技術。該演算法解決了鍵值快取的瓶頸問題,鍵值快取用於儲存AI系統中經常存取的 資訊。 根據Google的公告,TurboQuant可以將鍵值快取壓縮至3位元,無需訓練或微調,同時保持模 型準確性。在包括Gemma和Mistral在內的開源模型上進行的測試顯示,該技術實現了鍵值 記憶體大小6倍的縮減。該演算法還在H100 GPU加速器上展現了比未量化鍵值高達8倍的效 能提升。 該技術透過兩個步驟運作:應用PolarQuant方法透過旋轉資料向量實現高品質壓縮,以及使 用量化Johnson-Lindenstrauss演算法消除殘餘誤差。Google表示,傳統的向量量化方法在 記憶體開銷中每個數字增加1至2個額外位元,部分抵消了壓縮優勢。 TurboQuant將在ICLR 2026上發表,而PolarQuant計劃在AISTATS 2026上發表。Google在包 括LongBench、Needle In A Haystack、ZeroSCROLLS、RULER和L-Eval在內的基準測試中 測試了這些演算法。 該技術的應用範圍超越了AI模型,還包括為大規模搜尋引擎提供動力的向量搜尋功能。 記憶體股今年迄今已大幅上漲,使其容易受到可能降低需求的發展影響。 心得： 雖然我不是專家但讓記憶體使用更有效率 聽起來很不錯吧 目前Google的測試成果斐然 未來真的能這樣發展 想必對邊緣AI有很大的助力 至於會不會對記憶體需求下降 倒也未必 Google研究底加 窩看不懂 ",ptt/Stock,,,https://www.ptt.cc/bbs/Stock/M.1774449572.A.5B4.html,2026-03-25T22:39:30+00:00,2026-04-06T08:41:23.598813+00:00
